Req_Title,Req_Status,Department,Division,Job_Term
MECHANICAL EQUIPMENT INSPECTOR (Mario Replacement),Cancelled,Safety & Permits,,Probationary
Office Support Specialist,Open,Sewerage and Water Board of New Orleans,,Full time
Pumping Plant Operator,Open,Sewerage and Water Board of New Orleans,,Probationary
Paramedic,Filled,Health Department,Emergency Medical Services,Probationary
Principal Office Support Specialist,Cancelled,Sewerage and Water Board of New Orleans,,Probationary
"OFFICE ASSISTANT, TRAINEE (CLASS CODE 0020)",Approved,Sewerage and Water Board of New Orleans,,Probationary
Social Worker I,Cancelled,Human Services,,Probationary
Utilities Plant Worker,Open,Sewerage and Water Board of New Orleans,,Probationary
Police Technician I,,Police Department,,Probationary
POLICE ACADEMY INSTRUCTOR (CLASS CODE 7135),Filled,Police Department,,Probationary
SOCIAL SERVICES WORKER III (CLASS CODE 6034),Filled,Police Department,,Probationary
Police Aide,Filled,Police Department,,Provisional
DCDBG Grants Manager,Approved,Office Of Community Development,,Unclassified
IT SPECIALIST III (NETWORK SPECIALIST),Cancelled,Chief Administrative Office,Information Technology and Innovation,Probationary
Engineer Division Manager,Filled,Sewerage and Water Board of New Orleans,,Probationary
"Office Assistant III, Class Code 0061",Cancelled,Property Management,,Probationary
"Public Works Supervisor IV, Class Code 3133",Filled,Property Management,,Probationary
Chief Financial Officer,Approved,Miscellaneous,NORDC,Unclassified
POLICE RECRUIT- ACADEMY,Cancelled,Police Department,,Probationary
Neighborhood Liaison,Approved,Mayor's Office,Mayor's Office (General),Unclassified
Senior Taxicab Investigator (Jarreau),Filled,Safety & Permits,,Probationary
311 Telecommunications Operator,Filled,Sewerage and Water Board of New Orleans,,Probationary
"OFFICE ASSISTANT, TRAINEE (CLASS CODE 0020)",Filled,Miscellaneous,NORDC,Probationary
GIS Specialist,In Progress,Miscellaneous,,Unclassified
PUBLIC WORKS SUPERVISOR III (SEWERAGE & WATER BOARD) (CLASS CODE 3132),Cancelled,Sewerage and Water Board of New Orleans,,Probationary
Grounds Patrol Officer,Filled,Human Services,,Probationary
Fire Division Chief - Chief of Logistics,Filled,Fire Department,,Probationary
Juvenile Detention Counselor I,Filled,Human Services,,Probationary
RECREATION LIFEGUARD I (CLASS CODE 6110),Filled,Miscellaneous,NORDC,Transient (3 month appointment)
Public Health Nutritionist III,Cancelled,Health Department,Health- General,Probationary
Networks Zone Manager,Open,Sewerage and Water Board of New Orleans,,Probationary
Plumbing Inspector II,Cancelled,Sewerage and Water Board of New Orleans,,Probationary
Fire Apparatus Operator,Filled,Fire Department,,Probationary
POLICE TECHNICAL SPECIALIST I (CRIME SCENE TECHNICIAN) (CLASS CODE 7143),Cancelled,Police Department,,Probationary
Construction Project Manager,Approved,Miscellaneous,,Unclassified
"RECREATION LEADER, ASSISTANT (CLASS CODE 6120)",Filled,Miscellaneous,NORDC,Transient (3 month appointment)
Networks Maintenance Technician II,Open,Sewerage and Water Board of New Orleans,,Probationary
AIRPORT TECHNICIAN I (MECHANIC) 89108043,Cancelled,New Orleans Aviation Board,Airfield Maintenance,Probationary
Office Assistant IV,Cancelled,Sewerage and Water Board of New Orleans,,Probationary
DNA ANALYST (CLASS CODE 5255),Cancelled,Police Department,,Probationary
Office Assistant III,Filled,Sewerage and Water Board of New Orleans,,Probationary
Urban Policy Specialist IV,Approved,Mayor's Office,Mayor's Office (General),Unclassified
First Assistant Inspector General for Legal Affairs,Approved,Office of Inspector General,,Unclassified
Recreation Lifeguard I,In Progress,Miscellaneous,NORDC,Transient (3 month appointment)
Recreation Lifeguard I,In Progress,Miscellaneous,NORDC,Transient (3 month appointment)
Information Technology Spec. II (89100163),Cancelled,New Orleans Aviation Board,,Probationary
Recreation Lifeguard I,In Progress,Miscellaneous,NORDC,Transient (3 month appointment)
POLICE TECHNICAL SPECIALIST II (CLASS CODE 7147),Filled,NOPD,,Probationary
Laborer Waste Collector,Filled,Sanitation Department,,Full time
Police Officer,Cancelled,Police Department,,Probationary
Case Manager Supervisor,Cancelled,Health Department,Health- General,Probationary
POLICE TECHNICAL SPECIALIST I (CRIME SCENE TECHNICIAN) (CLASS CODE 7143),Filled,Police Department,,Probationary
Water Service Inspector II,Open,Sewerage and Water Board of New Orleans,,Probationary
Fire Recruit,Filled,Fire Department,,Probationary
Water Chemist 1,Cancelled,Sewerage and Water Board of New Orleans,,Probationary
311 Telecommunications Senior Operator,Filled,Sewerage and Water Board of New Orleans,,Probationary
"Principal Office Support Specialist, Class Code 0074",Filled,Property Management,,Probationary
Police Officer,Filled,Police Department,,Probationary
Airport Assistant Services Agent (89108300),Filled,New Orleans Aviation Board,,Probationary
Airport Technician Specialist (Electrician) 89108046,Cancelled,New Orleans Aviation Board,Terminal Electrician,Probationary
RECREATION LIFEGUARD I (CLASS CODE 6110),Filled,Miscellaneous,NORDC,Transient (3 month appointment)
Senior Principal Engineer,Filled,Sewerage and Water Board of New Orleans,,Probationary
Engineering Technician,Open,Sewerage and Water Board of New Orleans,,Probationary
POLICE SERGEANT (CLASS CODE 7111),Filled,Police Department,,Transient (3 month appointment)
MANAGEMENT DEVELOPMENT ANALYST I (CLASS CODE 0361),Filled,Chief Administrative Office,Equipment Maintenance Division,Probationary
POLICE SECONDARY EMPL MANAGEMENT SUPERVISOR (CLASS CODE 0372),Cancelled,Miscellaneous,Police Secondary Employment,Probationary
POLICE TECHNICAL SPECIALIST II (CLASS CODE 7147),Cancelled,NOPD,,Probationary
Fire Recruit,Filled,Fire Department,,Probationary
Laborer,Filled,Public Works Department,,Probationary
Senior Police Officer,Cancelled,Police Department,,Reinstatement
Fire Captain,Filled,Fire Department,,Probationary
Fire Recruit,Cancelled,Fire Department,,Probationary
POLICE RECRUIT (CLASS CODE 7109),Open,Police Department,,Probationary
RECREATION LIFEGUARD I (CLASS CODE 6110),Filled,Miscellaneous,NORDC,Probationary
Managment Development Specialist II,Cancelled,Sewerage and Water Board of New Orleans,,Full time
Recreation Lifeguard I,In Progress,Miscellaneous,NORDC,Transient (3 month appointment)
Laborer Waste Collector,Filled,Sanitation Department,,Probationary
Airport Technician II (Equipment Operator) 89108044,Filled,New Orleans Aviation Board,,Probationary
Maintenance Engineer,Filled,Property Management,,Probationary
POLICE RECRUIT- ACADEMY,Filled,Police Department,,Probationary
Fire Captain,Filled,Fire Department,,Probationary
Office Assistant II,Filled,Sanitation Department,,Probationary
Information Technology Spec. II (89100163),Filled,New Orleans Aviation Board,,Probationary
Networks Maintenance Technician II,Open,Sewerage and Water Board of New Orleans,,Probationary
Firefighter I,Filled,Fire Department,,Probationary
"Laborer, Class Code 1510",Filled,Property Management,,Transient (3 month appointment)
Film New Orleans Project Coordinator,Approved,Mayor's Office,Mayor's Office (General),Unclassified
Community Health Worker,Filled,Health Department,,Probationary
RECREATION LIFEGUARD I (CLASS CODE 6110),Filled,Miscellaneous,NORDC,Conditional
Information Technology Specialist I (C0165) HELP DESK,Filled,New Orleans Aviation Board,Information Technology,Probationary
Fire Recruit,Cancelled,Fire Department,,Probationary
Management Development Analyst I,Cancelled,Human Services,,Probationary
Police Officer,Filled,Police Department,,Probationary
RECREATION LIFEGUARD I (CLASS CODE 6110),Cancelled,Miscellaneous,NORDC,Transient (3 month appointment)
Fire Recruit,Filled,Fire Department,,Probationary
POLICE LIEUTENANT (CLASS CODE 7112),Filled,Police Department,,Reinstatement
Environmental Enforcement Tech 1,Open,Sewerage and Water Board of New Orleans,,Full time
MAINTENANCE ENGINEER (CLASS CODE 2411,Cancelled,Property Management,,Probationary
Laborer Waste Collector,Filled,Sanitation Department,,Probationary
311 Telecommunications Senior Operator,Filled,Sewerage and Water Board of New Orleans,,Probationary
MANAGEMENT DEVELOPMENT ANALYST I (CLASS CODE 0361),Filled,Miscellaneous,Police Secondary Employment,Probationary
Senior Urban Rehabilitation Specialist,Filled,Office Of Community Development,,Probationary
Program Coordinator for the Office of Human Rights,Approved,Mayor's Office,Mayor's Office (General),Unclassified
RECREATION LIFEGUARD II (CLASS CODE 6111),Filled,Miscellaneous,NORDC,Transient (3 month appointment)
"OFFICE ASSISTANT, TRAINEE (CLASS CODE 0020)",Filled,Sewerage and Water Board of New Orleans,,Probationary
Environmental Enforcement Technician II,Open,Sewerage and Water Board of New Orleans,,Probationary
POLICE TECHNICAL SPECIALIST II (CLASS CODE 7147),Filled,NOPD,,Probationary
Fire District Chief,Filled,Fire Department,,Probationary
POLICE RECRUIT (CLASS CODE 7109),Filled,Police Department,,Probationary
Recreation Lifeguard I,Approved,Miscellaneous,NORDC,Transient (3 month appointment)
Recreation Lifeguard I,In Progress,Miscellaneous,NORDC,Transient (3 month appointment)
Fire Recruit,Filled,Fire Department,,Probationary
RECREATION CENTER ASSISTANT I (CLASS CODE 6158),Cancelled,Miscellaneous,NORDC,Probationary
Equipment Operator II,Filled,Sanitation Department,,Probationary
Recreation Lifeguard I,In Progress,Miscellaneous,NORDC,Transient (3 month appointment)
Project Manager Supervisor,Approved,Miscellaneous,,Unclassified
"Laborer, Class Code 1510",Cancelled,Property Management,,Probationary
"RECREATION LEADER, ASSISTANT (CLASS CODE 6120)",Filled,Miscellaneous,NORDC,Transient (3 month appointment)
PUBLIC WORKS MAINTENANCE WORKER I (PUBLIC WORKS) (CLASS CODE 3125),Open,Public Works Department,,Probationary
Water Service Inspector II,Open,Sewerage and Water Board of New Orleans,,Probationary
Office Assistant IV,Filled,Sewerage and Water Board of New Orleans,,Probationary
Office Assistant Trainee,Filled,Human Services,,Probationary
LABORER (CLASS CODE 1510),Cancelled,Miscellaneous,NORDC,Probationary
Utilities Maintenance Technician II,Open,Sewerage and Water Board of New Orleans,,Full time
Utilities Master Maintenance Specialist I,Open,Sewerage and Water Board of New Orleans,,Probationary
MANAGEMENT DEVELOPMENT SPECIALIST II (PROMOTIONAL) (CLASS CODE 0364),Filled,Civil Service Department,,Probationary
MANAGEMENT DEVELOPMENT SUPERVISOR I (Berrian),Cancelled,Safety & Permits,,Probationary
Engineer,Filled,Sewerage and Water Board of New Orleans,,Probationary
Office Assistant III,Cancelled,Sewerage and Water Board of New Orleans,,Probationary
Police Officer,Cancelled,Police Department,,Probationary
Utilities Maintenance Technician III,,Sewerage and Water Board of New Orleans,Administration,Full time
Management Development Analyst II,Cancelled,City Council,Council Utilities,Probationary
311 Telecommunications Operator Trainee,Filled,Sewerage and Water Board of New Orleans,,Probationary
OFFICE ASSISTANT II (PROMOTIONAL) (CLASS CODE 0060),Filled,Civil Service Department,,Probationary
Recreation Lifeguard I,In Progress,Miscellaneous,NORDC,Transient (3 month appointment)
MANAGEMENT DEVELOPMENT ANALYST I,Cancelled,Safety & Permits,,Full time
RECREATION LIFEGUARD I (CLASS CODE 6110),Cancelled,Miscellaneous,NORDC,Transient (3 month appointment)
Networks Maintenance Technician I,Open,Sewerage and Water Board of New Orleans,,Probationary
"Court Clerk, Supervisor",,Clerk of Criminal District Court,,Unclassified
RECREATION LIFEGUARD I (CLASS CODE 6110),Cancelled,Miscellaneous,NORDC,Transient (3 month appointment)
Laboratory Technician I,Cancelled,Sewerage and Water Board of New Orleans,,Probationary
Management Development Analyst I,Cancelled,Public Works Department,,Probationary
Police Officer,Filled,Police Department,,Probationary
UTILITY SERVICES ADMINISTRATOR,Cancelled,Sewerage and Water Board of New Orleans,,Probationary
Senior Engineer,Filled,Sewerage and Water Board of New Orleans,,Probationary
PERSONNEL ADMINISTRATOR (CLASS CODE 4213),Open,Civil Service Department,,Probationary
Laborer Waste Collector,Filled,Sanitation Department,,Probationary
Juvenile Detention Supervisor,Cancelled,Human Services,,Probationary
IT Specialist III-Systems Administrator,Cancelled,Chief Administrative Office,Information Technology and Innovation,Probationary
RECREATION CENTER ASSISTANT I (CLASS CODE 6158),Cancelled,Miscellaneous,NORDC,Probationary
Office Assistant I,Cancelled,Human Services,,Full time
Airport Technician III (Mechanic) 89108045,Cancelled,New Orleans Aviation Board,,Probationary
"OFFICE ASSISTANT, TRAINEE (CLASS CODE 0020)",Filled,Sewerage and Water Board of New Orleans,,Probationary
UTILITY SERVICES ADMINISTRATOR (FACILITY MAINTENANCE),Cancelled,Sewerage and Water Board of New Orleans,,Provisional
Networks Maintenance Technician II,Open,Sewerage and Water Board of New Orleans,,Probationary
POLICE LIEUTENANT (CLASS CODE 7112),Cancelled,Police Department,,Probationary
Adolescent Home Superintendent Assistant,Filled,Human Services,,Probationary
Police Officer,Filled,Police Department,,Probationary
Automotive Mechanic I,Cancelled,Sewerage and Water Board of New Orleans,,Probationary
Code Enforcement Manager,Cancelled,Safety & Permits,,Probationary
LABORER (CLASS CODE 1510),,Human Services,,Probationary
Paramedic,Filled,Health Department,Emergency Medical Services,Probationary
Recreation Lifeguard I,In Progress,Miscellaneous,NORDC,Transient (3 month appointment)
Legislative Aide,Approved,City Council,Council District A,Unclassified
Information Technology Specialist I (Help Desk Technician),In Progress,Chief Administrative Office,Information Technology and Innovation,Probationary
Clerk I,,Clerk of Criminal District Court,,Unclassified
Water Service Inspector I,Cancelled,Sewerage and Water Board of New Orleans,,Full time
Fire Recruit,Filled,Fire Department,,Probationary
"Laborer, Class Code 1510",Filled,Property Management,,Transient (3 month appointment)
Urban Policy Specialist V,Approved,Police Department,,Unclassified
Police Aide,Filled,Police Department,,Provisional
Management Development Specialist II,Cancelled,Public Works Department,,Probationary
Recreation Lifeguard I,In Progress,Miscellaneous,NORDC,Transient (3 month appointment)
MANAGEMENT DEVELOPMENT ANALYST I,Filled,Safety & Permits,,Probationary
Engineer Intern I,Open,Sewerage and Water Board of New Orleans,,Probationary
Office Support Specialist,Filled,Sewerage and Water Board of New Orleans,,Probationary
Office Assistant IV,Open,Sewerage and Water Board of New Orleans,,Probationary
POLICE LIEUTENANT (CLASS CODE 7112),Cancelled,Police Department,,Reinstatement
Police Officer,Filled,Police Department,,Probationary
Laboratory Technician I,Cancelled,Health Department,Health- General,Probationary
Juvenile Detention Counselor III,Cancelled,Human Services,,Probationary
RECREATION ACTIVITIES COORDINATOR (CLASS CODE 6122),Filled,Miscellaneous,NORDC,Probationary
Fire Recruit,Filled,Fire Department,,Probationary
MECHANICAL EQUIPMENT INSPECTOR (Mario Replacement),Cancelled,Safety & Permits,,Probationary
Police Officer,Filled,Police Department,,Probationary
Networks Maintenance Technician I,Open,Sewerage and Water Board of New Orleans,,Probationary
Automotive Maintenance Specialist,Filled,Chief Administrative Office,Equipment Maintenance Division,Probationary
PUBLIC RELATIONS ANALYST (CLASS CODE 7125),Cancelled,Sewerage and Water Board of New Orleans,Communications,Full time
Juvenile Detention Counselor II,Filled,Human Services,,Probationary
Networks Maintenance Technician II,Open,Sewerage and Water Board of New Orleans,,Probationary
Environmental Enforcement Tech 1,Filled,Sewerage and Water Board of New Orleans,,Probationary
Networks Master Maintenance Technician II,Open,Sewerage and Water Board of New Orleans,,Probationary
Equipment Operator III,Cancelled,Sewerage and Water Board of New Orleans,,Transient (3 month appointment)
POLICE RECRUIT- ACADEMY,Filled,Police Department,,Probationary
Networks Maintenance Technician I,Open,Sewerage and Water Board of New Orleans,,Probationary
"COMPTROLLER, ASSISTANT (CLASS CODE 0459)",Cancelled,Finance Department,Accounting,Probationary
Airport Services Agent (Administration) 89108310,Filled,New Orleans Aviation Board,Communications,Probationary
Police Officer,Filled,Police Department,,Probationary
Offie Assistant II,,Sewerage and Water Board of New Orleans,,Full time
Airport Communications Specialist 89108060,Cancelled,New Orleans Aviation Board,Communications,Probationary
Construction Project Manager,Approved,Miscellaneous,,Unclassified
RECREATION LIFEGUARD I (CLASS CODE 6110),Filled,Miscellaneous,NORDC,Transient (3 month appointment)
LABORER (CLASS CODE 1510),Filled,Property Management,,Transient (3 month appointment)
MANAGEMENT DEVELOPMENT SPECIALIST II (ENTRANCE) (CLASS CODE 0364),Cancelled,Municipal Court,,Provisional
Parkways Maintenance Supervisor 3,Filled,Parks & Parkways,,Probationary
POLICE RECRUIT (CLASS CODE 7109),Cancelled,Police Department,,Probationary
Senior Advisor of Economic Policy & Development,Approved,Mayor's Office,Mayor's Office (General),Unclassified
POLICE SERGEANT (CLASS CODE 7111),Filled,Police Department,,Provisional
Utilities Plant Worker,Cancelled,Sewerage and Water Board of New Orleans,,Probationary
Recreation Lifeguard I,In Progress,Miscellaneous,NORDC,Transient (3 month appointment)
Landscape Architect Intern,Cancelled,Parks & Parkways,,Probationary
Steam Plant Engineer II,Filled,Sewerage and Water Board of New Orleans,,Probationary
Attorney I,Approved,Juvenile Court,,Unclassified
Police Officer,Filled,Police Department,,Probationary
Neighborhood Liaison (Neighborhood Engagement),Approved,Mayor's Office,,Unclassified
Fire Recruit,Cancelled,Fire Department,,Probationary
Public Works Construction Inspector II,Filled,Public Works Department,,Probationary
RECREATION LIFEGUARD II (CLASS CODE 6111),Cancelled,Miscellaneous,NORDC,Probationary
RECREATION LEADER I (CLASS CODE 6121 ),Cancelled,Miscellaneous,NORDC,Probationary
Networks Maintenance Technician I,Open,Sewerage and Water Board of New Orleans,,Probationary
OFFICE ASSISTANT II (ENTRANCE) (CLASS CODE 0060),Cancelled,Sewerage and Water Board of New Orleans,,Probationary
Recreation Center Manager III,,Miscellaneous,NORDC,Probationary
Neighborhood Liaison,Approved,Mayor's Office,Mayor's Office (General),Unclassified
Police Officer,Filled,Police Department,,Probationary
MANAGEMENT DEVELOPMENT ANALYST I (CLASS CODE 0361),Filled,Finance Department,Purchasing,Probationary
POLICE CAPTAIN (CLASS CODE 7113),Filled,Police Department,,Provisional
A/P Administrative Specialist I 89108024,Cancelled,New Orleans Aviation Board,Human Resources,Probationary
Airport Technician II (Equipment Operator) (89108044),Filled,New Orleans Aviation Board,Airfield Maintenance,Reinstatement
Automotive Mechanic III,Cancelled,Chief Administrative Office,Equipment Maintenance Division,Probationary
Principal Engineer,Filled,Sewerage and Water Board of New Orleans,,Probationary
Water Service Inspector II,Open,Sewerage and Water Board of New Orleans,,Probationary
Recreation Lifeguard I,In Progress,Miscellaneous,NORDC,Transient (3 month appointment)
Lead Laborer,Filled,Parks & Parkways,,Probationary
Recreation Lifeguard I,In Progress,Miscellaneous,NORDC,Transient (3 month appointment)
POLICE ACADEMY INSTRUCTOR (CLASS CODE 7135),Cancelled,Police Department,,Probationary
PUBLIC WORKS MAINTENANCE WORKER II (PUBLIC WORKS) (CLASS CODE 3126),Filled,Public Works Department,,Probationary
Auditor Assistant,Cancelled,Sewerage and Water Board of New Orleans,,Probationary
Court Clerk II,,Clerk of Criminal District Court,,Unclassified
Hire NOLA Coordinator,Approved,Mayor's Office,Mayor's Office (General),Unclassified
POLICE RECRUIT- ACADEMY,Filled,Police Department,,Probationary
Laborer,Filled,Parks & Parkways,,Probationary
Tow Truck Operator I,Cancelled,Public Works Department,,Probationary
Parking Enforcement Officer I,Filled,Public Works Department,,Reinstatement
Airport Technician I (Building Maintenance) C8043,Cancelled,New Orleans Aviation Board,Terminal Maintenance,Probationary
Airport Senior Transportation Officer (C8055),Filled,New Orleans Aviation Board,Ground Transportation,Probationary
First Inspector General for Investigations or Deputy of Investigations,Approved,Office of Inspector General,,Unclassified
Urban Policy Specialist III,In Progress,Miscellaneous,NORDC,Unclassified
Police Technical Specialist I,Open,Mayor's Office,Homeland Security,Probationary
RECREATION LIFEGUARD II (CLASS CODE 6111),Cancelled,Miscellaneous,NORDC,Probationary
EMT Basic,Cancelled,Health Department,Emergency Medical Services,Probationary
Office Assistant II,Filled,Sewerage and Water Board of New Orleans,,Full time
Laborer,Approved,Sewerage and Water Board of New Orleans,,Probationary
MANAGEMENT SERVICES SPECIALIST (CLASS CODE 0247),Filled,Civil Service Department,,Probationary
311 Telecommunications Senior Operator,Open,Sewerage and Water Board of New Orleans,,Probationary
Recreation Lifeguard I,In Progress,Miscellaneous,NORDC,Transient (3 month appointment)
RECREATION LIFEGUARD I (CLASS CODE 6110),Filled,Miscellaneous,NORDC,Transient (3 month appointment)
Summer Hire  - Division A,Approved,Municipal Court,,Transient (3 month appointment)
Laborer Waste Collector,Filled,Sanitation Department,,Probationary
SENIOR AUDITOR (CLASS CODE 0427),Filled,Finance Department,Revenue,Probationary
LABORER (CLASS CODE 1510),Filled,Sewerage and Water Board of New Orleans,,Probationary
OFFICE ASSISTANT II (ENTRANCE) (CLASS CODE 0060),Cancelled,Municipal Court,,Probationary
Office Assistant III,Filled,Sewerage and Water Board of New Orleans,,Probationary
Office Assistant II,Filled,Sewerage and Water Board of New Orleans,,Probationary
Police Officer,Filled,Police Department,,Probationary
"Building Inspector, Trainee",Cancelled,Safety & Permits,,Probationary
Networks Maintenance Technician I,Open,Sewerage and Water Board of New Orleans,,Probationary
Fire District Chief,Filled,Fire Department,,Probationary
Recreation Lifeguard I,In Progress,Miscellaneous,NORDC,Transient (3 month appointment)
Groundskeeper 3,Filled,Parks & Parkways,,Probationary
Executive Assistant,Cancelled,Office of Inspector General,,Full time
Recreation Lifeguard I,In Progress,Miscellaneous,NORDC,Transient (3 month appointment)
RECREATION LEADER I (CLASS CODE 6121 ),Cancelled,Miscellaneous,NORDC,Probationary
CODE ENFORCEMENT CASE SPECIALIST II (CLASS CODE 5312),Filled,Office Of Community Development,,Probationary
Recreation Center Assistant I,In Progress,Miscellaneous,NORDC,Probationary
ACCOUNTANT II (CLASS CODE 0422),Filled,Police Department,,Probationary
PEST CONTROL INSPECTOR III (CLASS CODE 5463),Filled,New Orleans Mosquito and Termite Control Board,,Probationary
LABORER (CLASS CODE 1510),Filled,Property Management,,Transient (3 month appointment)
Office Assistant Trainee,Filled,Health Department,Health- General,Probationary
Networks Master Maintenance Tech I,Open,Sewerage and Water Board of New Orleans,,Reinstatement
POLICE RECRUIT (CLASS CODE 7109),Open,Police Department,,Probationary
RECREATION LIFEGUARD II (CLASS CODE 6111),Cancelled,Miscellaneous,NORDC,Transient (3 month appointment)
Equipment Operator II,Cancelled,Public Works Department,,Probationary
UTILITY SERVICES ADMINISTRATOR (FACILITY MAINTENANCE),Filled,Sewerage and Water Board of New Orleans,,Provisional
Project Scheduler,Cancelled,Miscellaneous,,Unclassified
IT Specialist III- Enterprise Applications Manager,Cancelled,Chief Administrative Office,Information Technology and Innovation,Probationary
Networks Quality Assurance and Safety Inspector,Open,Sewerage and Water Board of New Orleans,,Probationary
Parkways Maintenance Section Manager,Cancelled,Parks & Parkways,,Probationary
Office Support Specialist,Cancelled,Sewerage and Water Board of New Orleans,,Probationary
Data Analyst,Approved,Miscellaneous,,Unclassified
RECREATION LIFEGUARD I (CLASS CODE 6110),Filled,Miscellaneous,NORDC,Transient (3 month appointment)
Laborer,Filled,Public Works Department,,Probationary
POLICE RECRUIT- ACADEMY,Filled,Police Department,,Probationary
Code Enforcement Assistant I,Filled,Sanitation Department,,Probationary
RECREATION LIFEGUARD I (CLASS CODE 6110),Filled,Miscellaneous,NORDC,Probationary
Recreation Lifeguard I,In Progress,Miscellaneous,NORDC,Transient (3 month appointment)
AUTOMOTIVE MECHANIC III (CLASS CODE 1992),In Progress,Chief Administrative Office,Equipment Maintenance Division,Probationary
POLICE SERGEANT (CLASS CODE 7111),Filled,Police Department,,Transient (3 month appointment)
Airport Services Agent (Administration) 89108310,Filled,New Orleans Aviation Board,Disadvantaged Business Enterprises,Probationary
Networks Senior Maintenance Technician I,Open,Sewerage and Water Board of New Orleans,,Probationary
Office Assistant Trainee,Approved,Sewerage and Water Board of New Orleans,,Probationary
City Planner,Filled,Sewerage and Water Board of New Orleans,,Probationary
Court Clerk,,Clerk of Criminal District Court,,Unclassified
POLICE TECHNICAL SPECIALIST II (CLASS CODE 7147),Cancelled,NOPD,,Probationary
Pumping Station Supervisor Assistant,Open,Sewerage and Water Board of New Orleans,,Probationary
POLICE RECRUIT (CLASS CODE 7109),Cancelled,Police Department,,Probationary
POLICE SERGEANT (CLASS CODE 7111),Filled,Police Department,,Transient (3 month appointment)
POLICE RECRUIT (CLASS CODE 7109),Filled,Police Department,,Transient (3 month appointment)
Paralegal,Approved,Law Department,,Unclassified
Water Service Inspector I,Open,Sewerage and Water Board of New Orleans,,Full time
Social Services Worker I,Filled,Human Services,,Probationary
Engineer Intern II,Cancelled,Sewerage and Water Board of New Orleans,,Probationary
USM Safety,Filled,Sewerage and Water Board of New Orleans,,Full time
MANAGEMENT DEVELOPMENT SPECIALIST I (CLASS CODE 0363),Open,Chief Administrative Office,Budget and Planning,Conditional
Management Development Analyst I,Cancelled,Public Works Department,,Probationary
Food Services Worker,Cancelled,Human Services,,Probationary
Senior Engineer,Open,Sewerage and Water Board of New Orleans,,Probationary
Airport Communications Specialist 89108060,Filled,New Orleans Aviation Board,,Probationary
Networks Maintenance Technician II,Open,Sewerage and Water Board of New Orleans,,Probationary
Recreation Lifeguard I,In Progress,Miscellaneous,NORDC,Transient (3 month appointment)
Paralegal,Approved,Law Department,,Unclassified
Utilities Plant Worker,Cancelled,Sewerage and Water Board of New Orleans,,Probationary
Engineer,Filled,Sewerage and Water Board of New Orleans,,Full time
Recreation Lifeguard I,In Progress,Miscellaneous,NORDC,Transient (3 month appointment)
Police Aide,Filled,Police Department,,Provisional
POLICE RECRUIT (CLASS CODE 7109),Filled,Police Department,,Transient (3 month appointment)
Engineering Technician,Cancelled,Sewerage and Water Board of New Orleans,,Probationary
INSPECTOR AND EVALUATOR IV (INSPECTOR GENERAL) (CLASS CODE 0723),Filled,Office of Inspector General,,Full time
Office Assistant II,Filled,Sewerage and Water Board of New Orleans,,Full time
Juvenile Detention Supervisor,Filled,Human Services,,Probationary
MDAII,Cancelled,Sewerage and Water Board of New Orleans,,Probationary
Accountant II,Filled,Health Department,Health- General,Probationary
Recreation Lifeguard I,In Progress,Miscellaneous,NORDC,Transient (3 month appointment)
CHIEF AUDITOR (CLASS CODE 0419),Cancelled,Sewerage and Water Board of New Orleans,,Full time
Equipment Operator II,Open,Public Works Department,,Probationary
MANAGEMENT DEVELOPMENT ANALYST II (ORIGINAL ENTRANCE) (CLASS CODE 0362),Filled,Sewerage and Water Board of New Orleans,,Full time
Summer Hire (#15),Approved,Municipal Court,,Transient (3 month appointment)
RECREATION LIFEGUARD II (CLASS CODE 6111),Filled,Miscellaneous,NORDC,Transient (3 month appointment)
Volunteer Coordinator,Approved,Mayor's Office,Homeland Security,Unclassified
Police Officer,Filled,Police Department,,Probationary
"OFFICE ASSISTANT II, CLASS CODE 0060",Filled,Property Management,,Probationary
RECREATION LIFEGUARD I (CLASS CODE 6110),Filled,Miscellaneous,NORDC,Transient (3 month appointment)
Principal Auditor,In Progress,Office Of Community Development,,Probationary
Laborer,Filled,Miscellaneous,NORDC,Probationary
Police Officer,Filled,Police Department,,Probationary
EXECUTIVE SECRETARY (CLASS CODE 0264),Cancelled,Police Department,,Probationary
SOCIAL SERVICES WORKER III (CLASS CODE 6034),Filled,Police Department,,Probationary
Management Development Analyst I,Cancelled,Public Works Department,,Probationary
Recreation Lifeguard II,In Progress,Miscellaneous,NORDC,Transient (3 month appointment)
Office Support Specialist,Open,Sewerage and Water Board of New Orleans,,Full time
Recreation Lifeguard II,In Progress,Miscellaneous,NORDC,Transient (3 month appointment)
Equipment Operator II,Cancelled,Public Works Department,,Probationary
Management Development Analyst 1,Filled,Sewerage and Water Board of New Orleans,,Probationary
RECREATION PROGRAM MANAGER I (CLASS CODE 6152),Cancelled,Miscellaneous,NORDC,Probationary
Traffic Signal Technician II,Filled,Public Works Department,,Probationary
Health Project & Planning Specialist,Cancelled,Health Department,Health- General,Probationary
Utilities Plant Worker,Open,Sewerage and Water Board of New Orleans,,Probationary
POLICE RECRUIT (CLASS CODE 7109),Filled,Police Department,,Probationary
MANAGEMENT DEVELOPMENT ANALYST I (CLASS CODE 0361),Filled,Finance Department,Retirement,Probationary
Building Maintenance Superintendent,Filled,Human Services,,Probationary
Paramedic,Filled,Health Department,Emergency Medical Services,Probationary
Networks Maintenance Technician I,Open,Sewerage and Water Board of New Orleans,,Probationary
AUTOMOTIVE MECHANIC III (CLASS CODE 1992),Cancelled,Chief Administrative Office,Equipment Maintenance Division,Probationary
Fire Captain,Filled,Fire Department,,Probationary
Lead Laborer,Cancelled,Parks & Parkways,,Probationary
OFFICE ASSISTANT IV (CLASS CODE 0132),Filled,Miscellaneous,NORDC,Probationary
LABORER (CLASS CODE 1510),Filled,Chief Administrative Office,Equipment Maintenance Division,Minimum Skills
POLICE RECRUIT- ACADEMY,Cancelled,Police Department,,Probationary
Office Assistant I (WIC),Cancelled,Health Department,Health- General,Probationary
"Office Assistant, Trainee (Noa Replacement)",Approved,City Planning Commission,,Probationary
LABORER (CLASS CODE 1510),,Police Department,,Probationary
SOCIAL SERVICES WORKER III (CLASS CODE 6034),Filled,Police Department,,Probationary
Laboratory Technician III,Filled,Sewerage and Water Board of New Orleans,,Probationary
Police Officer,Filled,Police Department,,Probationary
Principal Engineer,Cancelled,Public Works Department,,Probationary
Fire Recruit,Filled,Fire Department,,Probationary
LABORER (CLASS CODE 1510),Approved,Sewerage and Water Board of New Orleans,,Probationary
Police Technician I,Cancelled,Police Department,,Probationary
OFFICE ASSISTANT I (ENTRANCE) (CLASS CODE 0032),Filled,Sewerage and Water Board of New Orleans,,Full time
Recreation Lifeguard II,In Progress,Miscellaneous,NORDC,Transient (3 month appointment)
Networks Maintenance Technician I,Open,Sewerage and Water Board of New Orleans,,Probationary
Information Technology Manager (Quality Assurance/Quality Control Manager),Cancelled,Chief Administrative Office,Information Technology and Innovation,Probationary
Management Development Analyst I,Filled,Public Works Department,,Probationary
Juvenile Detention Counselor III,Filled,Human Services,,Probationary
ASSISTANT PAYROLL SUPERVISOR (CLASS CODE 0411),Cancelled,Finance Department,Accounting,Probationary
AUTOMOTIVE MAINTENANCE SPECIALIST (CLASS CODE 1913),Filled,Sewerage and Water Board of New Orleans,,Probationary
Parking Enforcement Officer I,Cancelled,Public Works Department,,Probationary
Airport Technician III (Mechanic) 89108045,Cancelled,New Orleans Aviation Board,,Probationary
Paramedic,Filled,Health Department,Emergency Medical Services,Probationary
Automotive Mechanic II,Open,Chief Administrative Office,Equipment Maintenance Division,Probationary
Death Investigator,Approved,Coroner's Office,,Unclassified
Construction Project Manager,Approved,Miscellaneous,,Unclassified
Police Officer,Filled,Police Department,,Probationary
POLICE LIEUTENANT (CLASS CODE 7112),Filled,Police Department,,Reinstatement
EMS Physician,Filled,Health Department,Emergency Medical Services,Probationary
RECREATION LIFEGUARD II (CLASS CODE 6111),Filled,Miscellaneous,NORDC,Transient (3 month appointment)
RECREATION LEADER I (CLASS CODE 6121 ),Cancelled,Miscellaneous,NORDC,Probationary
POLICE RECRUIT (CLASS CODE 7109),Filled,Police Department,,Probationary
Engineering Intern,Filled,Sewerage and Water Board of New Orleans,,Transient (3 month appointment)
A/P Administrative Specialist I 89108024,Cancelled,New Orleans Aviation Board,Business & Finance,Probationary
Office Assistant IV,Filled,Sewerage and Water Board of New Orleans,,Probationary
Airport Senior Services Agent (89108312),Cancelled,New Orleans Aviation Board,"Property Management, Contracts & Leases",Probationary
RECREATION ACTIVITIES COORDINATOR (CLASS CODE 6122),Cancelled,Miscellaneous,NORDC,Transient (3 month appointment)
"RECREATION LEADER, ASSISTANT (CLASS CODE 6120)",Filled,Miscellaneous,NORDC,Transient (3 month appointment)
Laboer Waste Collector,Filled,Sanitation Department,,Probationary
Office Assistant III,Filled,Sewerage and Water Board of New Orleans,,Full time
CARPENTER (CLASS CODE 1740),Filled,Sewerage and Water Board of New Orleans,,Probationary
RECREATION LIFEGUARD I (CLASS CODE 6110),Filled,Miscellaneous,NORDC,Transient (3 month appointment)
POLICE SERGEANT (CLASS CODE 7111),Filled,Police Department,,Probationary
Laborer,Filled,Parks & Parkways,,Probationary
Information Technology Specialist III (System Administrator) (89100177),Filled,New Orleans Aviation Board,Information Technology,Probationary
Utility Services Manager,,Sewerage and Water Board of New Orleans,,Probationary
PUBLIC WORKS MAINTENANCE WORKER II (PUBLIC WORKS) (CLASS CODE 3126),Filled,Public Works Department,,Probationary
PEST CONTROL INSPECTOR II (CLASS CODE 5427),Filled,New Orleans Mosquito and Termite Control Board,,Limited Term (maximum of three years)
RECREATION LIFEGUARD I (CLASS CODE 6110),Filled,Miscellaneous,NORDC,Transient (3 month appointment)
CITY PLANNER,Open,City Planning Commission,,Full time
INTERNAL AUDITOR (CLASS CODE 0482),Open,Chief Administrative Office,,Probationary
Automotive Maintenance Specialist,Cancelled,Chief Administrative Office,Equipment Maintenance Division,Probationary
ADMINISTRATIVE SUPPORT SUPERVISOR I (CLASS CODE 0029),Filled,Municipal Court,,Probationary
Police Officer,Filled,Police Department,,Probationary
POLICE RECRUIT (CLASS CODE 7109),Cancelled,Police Department,,Probationary
POLICE SERGEANT (CLASS CODE 7111),Open,Police Department,,Probationary
Juvenile Detention Counselor II,Cancelled,Human Services,,Probationary
Police Commander,Approved,Police Department,,Unclassified
POLICE INVESTIGATIVE SPECIALIST (CLASS CODE 7167),Cancelled,Police Department,,Probationary
"OFFICE ASSISTANT, TRAINEE (CLASS CODE 0020)",Filled,Municipal Court,,Probationary
"PUBLIC RELATIONS SPECIALIST, SENIOR (CLASS CODE 7127)",Filled,Police Department,,Reinstatement
Police Officer,Cancelled,Police Department,,Probationary
Office Assistant II,Cancelled,Fire Department,,Probationary
AUDITOR (CLASS CODE 0426),,Chief Administrative Office,,Probationary
Engineer Intern I,Cancelled,Sewerage and Water Board of New Orleans,,Probationary
Equipment Operator II,Filled,Sanitation Department,,Probationary
Management Development Specialist II,Filled,Office Of Community Development,,Probationary
Director of Code Enforcement and Hearings Bureau,Approved,Office Of Community Development,,Unclassified
Automotive Mechanic I,Open,Sewerage and Water Board of New Orleans,,Probationary
Laborer Waste Collector,Filled,Sanitation Department,,Probationary
Management Development Analyst I,,Public Works Department,,Probationary
Airport Communications Specialist 89108060,Filled,New Orleans Aviation Board,Communications,Probationary
"RECREATION LEADER, ASSISTANT (CLASS CODE 6120)",Filled,Miscellaneous,NORDC,Transient (3 month appointment)
Laborer,Filled,Public Works Department,,Probationary
Information Technology Specialist II,Filled,Sewerage and Water Board of New Orleans,,Probationary
POLICE RECRUIT (CLASS CODE 7109),Open,Police Department,,Probationary
Networks Maintenance Technician I,Open,Sewerage and Water Board of New Orleans,,Probationary
PEST CONTROL SPECIALIST I (CLASS CODE 5466),Open,New Orleans Mosquito and Termite Control Board,,Probationary
Case Manager,Filled,Health Department,,Probationary
Parking Enforcement Officer I,Cancelled,Public Works Department,,Probationary
Paralegal (In-House),Open,Sewerage and Water Board of New Orleans,,Probationary
Tow Truck Operator I,Filled,Public Works Department,,Probationary
Deputy Director Community Assets & Investments,Approved,Mayor's Office,Mayor's Office (General),Unclassified
"OFFICE ASSISTANT, TRAINEE (CLASS CODE 0020)",Filled,Chief Administrative Office,Budget and Planning,Probationary
Parking Administrator,Filled,Public Works Department,,Reinstatement
Police Officer,Cancelled,Police Department,,Probationary
Project Manager I,Approved,Mayor's Office,,Unclassified
EQUIPMENT OPERATOR III (CLASS CODE 2322),Filled,Sewerage and Water Board of New Orleans,,Full time
Management Development Specialist II,Cancelled,Sewerage and Water Board of New Orleans,,Full time
Parking Enforcement Officer I,Filled,Public Works Department,,Probationary
Office Support Specialist,Filled,Office Of Community Development,,Probationary
Police Technician I,Filled,Police Department,,Probationary
LABORER (CLASS CODE 1510),Filled,Miscellaneous,NORDC,Probationary
PEST CONTROL SPECIALIST I (CLASS CODE 5466),Cancelled,New Orleans Mosquito and Termite Control Board,,Probationary
Code Enforcement Assistant I,Filled,Sanitation Department,,Probationary
Laborer Waste Collector,Filled,Sanitation Department,,Probationary
"OFFICE ASSISTANT, TRAINEE (CLASS CODE 0020)",,Human Services,,Probationary
POLICE RECRUIT (CLASS CODE 7109),Filled,Police Department,,Probationary
Office Assistant II,Cancelled,Sewerage and Water Board of New Orleans,,Full time
Senior Engineer,Filled,Sewerage and Water Board of New Orleans,,Probationary
RECREATION LIFEGUARD I (CLASS CODE 6110),Filled,Miscellaneous,NORDC,Transient (3 month appointment)
Police Officer,Filled,Police Department,,Probationary
Recreation Lifeguard II,Filled,Miscellaneous,NORDC,Probationary
Fire Recruit,Filled,Fire Department,,Probationary
Traffic Sign Technician I,In Progress,Public Works Department,,Probationary
Pest Control Inspector  1,Filled,New Orleans Mosquito and Termite Control Board,,Probationary
MANAGEMENT DEVELOPMENT ANALYST II (POLICE RECRUITER) (CLASS CODE 0362,Filled,Police Department,,Probationary
Taxicab Investigator (Shasta replacement),Filled,Safety & Permits,,Full time
COMPTROLLER (CLASS CODE 0460),Filled,Finance Department,Accounting,Probationary
MANAGEMENT DEVELOPMENT SPECIALIST II (ENTRANCE) (CLASS CODE 0364),Filled,Sewerage and Water Board of New Orleans,,Probationary
Clerk I,,Clerk of Criminal District Court,,Unclassified
Senior Office Support Specialist,Filled,Sewerage and Water Board of New Orleans,,Probationary
MANAGEMENT DEVELOPMENT ANALYST I (CLASS CODE 0361),Cancelled,Chief Administrative Office,Equipment Maintenance Division,Probationary
POLICE CAPTAIN (CLASS CODE 7113),Filled,Police Department,,Provisional
Senior Building Plan Examiner (Erin Promo),Filled,Vieux Carre Commission,,Full time
Administrative Support Supervisor II,Filled,Sewerage and Water Board of New Orleans,,Probationary
Parking Enforcement Officer I,Filled,Public Works Department,,Probationary
AUTOMOTIVE MECHANIC I (CLASS CODE 1990),Filled,Sewerage and Water Board of New Orleans,,Probationary
RECREATION LIFEGUARD I (CLASS CODE 6110),Cancelled,Miscellaneous,NORDC,Transient (3 month appointment)
"RECREATION LEADER, ASSISTANT (CLASS CODE 6120)",Filled,Miscellaneous,NORDC,Transient (3 month appointment)
DISASTER RECOVERY PROGRAM ASSISTANT III (CLASS CODE 4413),Filled,Mayor's Office,,Probationary
Laborer,Filled,Public Works Department,,Probationary
Police Officer,Cancelled,Police Department,,Probationary
311 Telecommunications Operator,Open,Sewerage and Water Board of New Orleans,,Probationary
Water Service Inspector I,Cancelled,Sewerage and Water Board of New Orleans,,Full time
Information Technology Specialist III- (GIS Analyst),Cancelled,Chief Administrative Office,Information Technology and Innovation,Probationary
Summer Hire  - Division F (#2),Approved,Municipal Court,,Transient (3 month appointment)
IT Specialist III- Enterprise Applications Manager,In Progress,Chief Administrative Office,Information Technology and Innovation,Probationary
MANAGEMENT DEVELOPMENT ANALYST I (CLASS CODE 0361),Cancelled,Miscellaneous,Police Secondary Employment,Probationary
Recreation Lifeguard I,In Progress,Miscellaneous,NORDC,Transient (3 month appointment)
"EMERGENCY MEDICAL TECHNICIAN, PARAMEDIC (CLASS CODE 5171)",Filled,Health Department,Emergency Medical Services,Probationary
ASSISTANT PAYROLL SUPERVISOR (CLASS CODE 0411),Cancelled,Finance Department,Accounting,Probationary
Deputy Director of Operations,Approved,Office Of Community Development,,Unclassified
MANAGEMENT DEVELOPMENT ANALYST I (CLASS CODE 0361),Cancelled,Chief Administrative Office,,Limited Term (maximum of three years)
Taxicab Investigator (Tanisha replacement),Cancelled,Safety & Permits,,Probationary
RECREATION LIFEGUARD II (CLASS CODE 6111),Filled,Miscellaneous,NORDC,Transient (3 month appointment)
Boiler Plant Operator,Filled,Sewerage and Water Board of New Orleans,,Probationary
Administrative Support Supervisor II,Cancelled,Sewerage and Water Board of New Orleans,,Probationary
Court Clerk,,Clerk of Criminal District Court,,Unclassified
POLICE CAPTAIN (CLASS CODE 7113),Filled,Police Department,,Provisional
A/P Administrative Specialist I 89108024,Cancelled,New Orleans Aviation Board,,Probationary
POLICE RECRUIT- ACADEMY,Cancelled,Police Department,,Probationary
POLICE RECRUIT- ACADEMY,Filled,Police Department,,Probationary
Laborer,In Progress,Public Works Department,,Probationary
Federal Grant Manager,Approved,Mayor's Office,,Unclassified
Police Officer,Filled,Police Department,,Probationary
RECREATION LIFEGUARD II (CLASS CODE 6111),Filled,Miscellaneous,NORDC,Transient (3 month appointment)
Senior Maintenance Worker,Open,Miscellaneous,NORDC,Probationary
Director of Supplier Diversity,Approved,Mayor's Office,Mayor's Office (General),Unclassified
Health Project & Planning Senior Worker,Cancelled,Health Department,Health- General,Probationary
Police Officer,Approved,Police Department,,Probationary
GROUNDS PATROL SUPERVISOR (CLASS CODE 7186),Filled,Miscellaneous,NORDC,Probationary
RECREATION LIFEGUARD I (CLASS CODE 6110),Filled,Miscellaneous,NORDC,Transient (3 month appointment)
Dental Assistant II,Cancelled,Health Department,,Probationary
RECREATION SITE FACILITATOR I (CLASS CODE 6145),Cancelled,Miscellaneous,NORDC,Probationary
Recreation Lifeguard I,In Progress,Miscellaneous,NORDC,Transient (3 month appointment)
Recreation Lifeguard I,In Progress,Miscellaneous,NORDC,Transient (3 month appointment)
Laborer Waste Collector,In Progress,Sanitation Department,,Probationary
EQUIPMENT OPERATOR II (CLASS CODE 2321),Filled,Sewerage and Water Board of New Orleans,,Probationary
Court Clerk,,Clerk of Criminal District Court,,Unclassified
OFFICE SUPPORT SPECIALIST (CLASS CODE 0070),Filled,Sewerage and Water Board of New Orleans,,Probationary
Office assistant 2,Cancelled,Sewerage and Water Board of New Orleans,Legal,Probationary
Juvenile Detention Counselor I,Cancelled,Human Services,,Probationary
POLICE RECRUIT- ACADEMY,Filled,Police Department,,Probationary
"RECREATION LEADER, ASSISTANT (CLASS CODE 6120)",Cancelled,Miscellaneous,NORDC,Transient (3 month appointment)
Management Development Specialist II,In Progress,Safety & Permits,,Probationary
Assistant to the Director of Communications,Approved,Mayor's Office,Mayor's Office (General),Unclassified
Auditor Assistant,Cancelled,Sewerage and Water Board of New Orleans,,Probationary
Juvenile Detention Counselor I,Filled,Human Services,,Probationary
POLICE RECRUIT- ACADEMY,Filled,Police Department,,Probationary
Laboratory Technician III,Cancelled,Sewerage and Water Board of New Orleans,,Probationary
Senior Office Support Specialist,Filled,Sewerage and Water Board of New Orleans,,Probationary
Recreation Lifeguard II,In Progress,Miscellaneous,NORDC,Transient (3 month appointment)
Medical Assistant,Filled,Health Department,,Probationary
RECREATION LIFEGUARD I (CLASS CODE 6110),Filled,Miscellaneous,NORDC,Transient (3 month appointment)
AIRPORT ELECTRICAL SERVICES MANAGER (89108050),Cancelled,New Orleans Aviation Board,Terminal Electrician,Probationary
Criminal Justice Data Analyst,Open,Mayor's Office,Mayor's Office (General),Probationary
Airport Skilled Maintenance Supervisor 89108048,Filled,New Orleans Aviation Board,Airfield Maintenance,Probationary
Clerk I,,Clerk of Criminal District Court,,Unclassified
Engineer Intern I,Filled,Sewerage and Water Board of New Orleans,,Probationary
Executive Assistant,In Progress,Office of Inspector General,,Full time
SOCIAL SERVICES WORKER III (CLASS CODE 6034),Cancelled,Police Department,,Probationary
MANAGEMENT DEVELOPMENT ANALYST I (CLASS CODE 0361),Cancelled,Civil Service Department,,Probationary
Part-time Healthy Environment Educator,Cancelled,Health Department,,Probationary
"Office Assistant, Trainee",Filled,Parks & Parkways,,Provisional
RECREATION LIFEGUARD II (CLASS CODE 6111),Filled,Miscellaneous,NORDC,Transient (3 month appointment)
RECREATION LIFEGUARD I (CLASS CODE 6110),Filled,Miscellaneous,NORDC,Transient (3 month appointment)
Airport Services Agent (Administration) 89108310,Filled,New Orleans Aviation Board,Legal,Probationary
311 Telecommunications Operator Trainee,Cancelled,Sewerage and Water Board of New Orleans,,Probationary
DISASTER RECOVERY PROGRAM ASSISTANT III (CLASS CODE 4413),Filled,Mayor's Office,,Probationary
Code Enforcement District Supervisor,Filled,Office Of Community Development,,Probationary
IT Specialist III (Project Manager),In Progress,Chief Administrative Office,Information Technology and Innovation,Probationary
Principal Engineer,Filled,Sewerage and Water Board of New Orleans,,Probationary
Utility Services Manager,,Sewerage and Water Board of New Orleans,,Full time
Recreation Leader I,Cancelled,Miscellaneous,NORDC,Probationary
Senior Project Manager,Approved,Miscellaneous,,Unclassified
Management Development Analyst II,Filled,Fire Department,,Probationary
POLICE RECRUIT- ACADEMY,Filled,Police Department,,Probationary
Management Development Analyst II (Chantel),Filled,Safety & Permits,,Probationary
Juvenile Detention Supervisor,Filled,Human Services,,Probationary
POLICE RECRUIT (CLASS CODE 7109),Filled,Police Department,,Transient (3 month appointment)
Office Support Specialist,Open,Sewerage and Water Board of New Orleans,,Full time
OFFICE ASSISTANT II (PROMOTIONAL) (CLASS CODE 0060),Cancelled,Finance Department,Purchasing,Probationary
Water Chemist II,Filled,Sewerage and Water Board of New Orleans,,Probationary
Grounds Patrol Supervisor,Open,Mayor's Office,Homeland Security,Probationary
Utilities Plant Worker,Open,Sewerage and Water Board of New Orleans,,Probationary
Environmental Enforcement Technician II,Cancelled,Sewerage and Water Board of New Orleans,,Probationary
RECREATION LIFEGUARD I (CLASS CODE 6110),Filled,Miscellaneous,NORDC,Transient (3 month appointment)
Tow Truck Operator II,Filled,Public Works Department,,Probationary
EMT Basic,Filled,Health Department,Emergency Medical Services,Probationary
Parking Enforcement Officer I,Cancelled,Public Works Department,,Probationary
OFFICE ASSISTANT I (Gary),Filled,Safety & Permits,,Probationary
Clerk I - Finance/Collections,Approved,Municipal Court,,Unclassified
MANAGEMENT DEVELOPMENT ANALYST I (CLASS CODE 0361),Filled,Property Management,,Probationary
Juvenile Detention Counselor I,Cancelled,Human Services,,Probationary
ASSISTANT FLEET MANAGER (CLASS CODE 4232),Filled,Chief Administrative Office,Equipment Maintenance Division,Probationary
POLICE RECRUIT (CLASS CODE 7109),Open,Police Department,,Probationary
MANAGEMENT DEVELOPMENT SPECIALIST II (PROMOTIONAL) (CLASS CODE 0364),Filled,Chief Administrative Office,Budget and Planning,Probationary
Public Works Supervisor III,Filled,Sanitation Department,,Probationary
Legislative Aide - Economic Development Liaison,Approved,City Council,Council District E,Unclassified
Juvenile Detention Counselor II,Filled,Human Services,,Probationary
Laboratory Technician III,Cancelled,Sewerage and Water Board of New Orleans,,Probationary
DISASTER RECOVERY PROGRAM ASSISTANT II (CLASS CODE 4412),In Progress,Mayor's Office,Mayor's Office (General),Probationary
Purchasing Agent,Approved,Mayor's Office,,Unclassified
Social Services Worker III,Filled,Human Services,,Probationary
Fire Recruit,Filled,Fire Department,,Probationary
RECREATION ACTIVITIES COORDINATOR (CLASS CODE 6122),Filled,Miscellaneous,NORDC,Transient (3 month appointment)
Networks Maintenance Technician I,Open,Sewerage and Water Board of New Orleans,,Probationary
Paramedic,Filled,Health Department,Emergency Medical Services,Probationary
311 Telecommunications Senior Operator,Open,Sewerage and Water Board of New Orleans,,Probationary
Community Relations & Constituent Services Rep.,Approved,City Council,Council District D,Unclassified
POLICE RECRUIT- ACADEMY,Filled,Police Department,,Probationary
Construction Project Manager,Approved,Miscellaneous,,Unclassified
Airport Services Manager (C8320) 89108320,Cancelled,New Orleans Aviation Board,Director & Staff,Probationary
POLICE SERGEANT (CLASS CODE 7111),In Progress,Police Department,,Transient (3 month appointment)
Networks Maintenance Technician I,Open,Sewerage and Water Board of New Orleans,,Probationary
LABORER (CLASS CODE 1510),Cancelled,Miscellaneous,NORDC,Probationary
Water Purification Operator 1,Open,Sewerage and Water Board of New Orleans,,Probationary
Water Purification III,Filled,Sewerage and Water Board of New Orleans,,Probationary
Accountant II,Filled,Sewerage and Water Board of New Orleans,,Probationary
LABORER (CLASS CODE 1510),Filled,Property Management,,Transient (3 month appointment)
Public Health Nutritionist III,Filled,Health Department,Health- General,Probationary
Networks Quality Assurance and Safety Inspector,Open,Sewerage and Water Board of New Orleans,,Probationary
Laborer,Approved,Public Works Department,,Probationary
Summer Hire  - Division D (#2),Approved,Municipal Court,,Transient (3 month appointment)
Office Assistant II,Filled,Sewerage and Water Board of New Orleans,,Full time
Information Technology Director (Director of Operations),Cancelled,Chief Administrative Office,Information Technology and Innovation,Probationary
311 Telecommunications Operator,Open,Sewerage and Water Board of New Orleans,,Probationary
"Office Assistant, Trainee",Filled,Parks & Parkways,,Provisional
Networks Maintenance Technician II,Open,Sewerage and Water Board of New Orleans,,Probationary
LABORER (CLASS CODE 1510),Cancelled,Miscellaneous,NORDC,Probationary
311 Telecommunications Senior Operator,Open,Sewerage and Water Board of New Orleans,,Probationary
EQUIPMENT OPERATOR III (CLASS CODE 2322),Cancelled,Sewerage and Water Board of New Orleans,,Probationary
JUNIOR ACCOUNTANT (CLASS CODE 0420),Filled,Finance Department,Retirement,Probationary
OFFICE ASSISTANT I (Brandy Promotion),Filled,Safety & Permits,,Probationary
Engineering Technician,Cancelled,Sewerage and Water Board of New Orleans,,Probationary
Office Assistant I,Filled,Sewerage and Water Board of New Orleans,,Full time
Information Technology Spec. II (89100163),Filled,New Orleans Aviation Board,Information Technology,Probationary
Fire Apparatus Operator,Filled,Fire Department,,Probationary
"RECREATION LEADER, ASSISTANT (CLASS CODE 6120)",Filled,Miscellaneous,NORDC,Transient (3 month appointment)
Project Manager Supervisor,Approved,Miscellaneous,,Unclassified
Equipment Operator 3,Filled,Parks & Parkways,,Probationary
311 Telecommunications Operator,Open,Sewerage and Water Board of New Orleans,,Probationary
RECREATION LIFEGUARD I (CLASS CODE 6110),Filled,Miscellaneous,NORDC,Probationary
Airport Transportation Officer (C8053),Filled,New Orleans Aviation Board,Ground Transportation,Probationary
MANAGEMENT DEVELOPMENT ANALYST I (CLASS CODE 0361),Filled,Police Department,,Transient (3 month appointment)
Facility Maintenance USSA,Approved,Sewerage and Water Board of New Orleans,,Probationary
Recreation Lifeguard II,In Progress,Miscellaneous,NORDC,Transient (3 month appointment)
Office Assistant 2,Filled,Sewerage and Water Board of New Orleans,,Full time
Police Technician I,Open,Police Department,,Probationary
RECREATION LIFEGUARD I (CLASS CODE 6110),Cancelled,Miscellaneous,NORDC,Probationary
MECHANICAL EQUIPMENT INSPECTOR,Cancelled,Safety & Permits,,Full time
Senior Police Officer,Filled,Police Department,,Reinstatement
Plant Attendant,Cancelled,Human Services,,Probationary
Public Health Nutritionist I,Cancelled,Health Department,Health- General,Probationary
CAPITAL PROJECTS ADMINISTRATOR (ARCHITECTURE) (CC 4410),Filled,New Orleans Aviation Board,,Probationary
Management Development Analyst II,Filled,Sewerage and Water Board of New Orleans,,Probationary
EXECUTIVE ASSISTANT (CLASS CODE 0268),Filled,Miscellaneous,NORDC,Probationary
Economic Development  Director,Approved,Mayor's Office,Mayor's Office (General),Unclassified
Recreation Lifeguard I,In Progress,Miscellaneous,NORDC,Transient (3 month appointment)
Airport Principal Services Agent (Janitorial) 89108316,Filled,New Orleans Aviation Board,,Probationary
Laborer Waste Collector,Filled,Sanitation Department,,Probationary
Tow Truck Operator I,Filled,Public Works Department,,Reinstatement
OHP Office Assistant,Cancelled,Health Department,,Probationary
EXECUTIVE SECRETARY (CLASS CODE 0264),Cancelled,Police Department,,Probationary
"Office Assistant, Trainee",Filled,Parks & Parkways,,Provisional
Construction Project Manager,Approved,Miscellaneous,,Unclassified
"OFFICE ASSISTANT, TRAINEE (CLASS CODE 0020)",,Human Services,,Probationary
LABORER (CLASS CODE 1510),Filled,Sewerage and Water Board of New Orleans,,Probationary
PUBLIC RELATIONS SPECIALIST (CLASS CODE 7126),Cancelled,Police Department,,Probationary
Superintendent of Residential Life,Cancelled,Human Services,,Probationary
Laborer,Cancelled,Public Works Department,,Probationary
"RECREATION LEADER, ASSISTANT (CLASS CODE 6120)",Cancelled,Miscellaneous,NORDC,Transient (3 month appointment)
POLICE RECRUIT- ACADEMY,Filled,Police Department,,Probationary
Office Assistant I,Cancelled,Human Services,,Probationary
"PUBLIC WORKS SUPERVISOR IV, CLASS CODE 3133",Cancelled,Property Management,,Probationary
RECREATION PROGRAM MANAGER I (CLASS CODE 6152),Cancelled,Miscellaneous,NORDC,Probationary
POLICE RECRUIT (CLASS CODE 7109),Filled,Police Department,,Transient (3 month appointment)
Court Clerk,,Clerk of Criminal District Court,,Unclassified
Utilities Trade Specialist I,Open,Sewerage and Water Board of New Orleans,,Probationary
Clerk I,,Clerk of Criminal District Court,,Unclassified
POLICE RECRUIT- ACADEMY,Filled,Police Department,,Probationary
Storekeeper,Cancelled,Public Works Department,,Probationary
311 Telecommunications Operator,Open,Sewerage and Water Board of New Orleans,,Probationary
Fire Apparatus Operator,Filled,Fire Department,,Probationary
RECREATION LIFEGUARD I (CLASS CODE 6110),Filled,Miscellaneous,NORDC,Probationary
"Maintenance Worker, Class Code 1710",Filled,Property Management,,Probationary
Senior Engineer,Cancelled,Sewerage and Water Board of New Orleans,,Probationary
Airport Services Agent (Administration) 89108310,Cancelled,New Orleans Aviation Board,,Probationary
POLICE TECHNICAL SPECIALIST II (CLASS CODE 7147),Filled,NOPD,,Probationary
Networks Maintenance Technician II,Cancelled,Sewerage and Water Board of New Orleans,,Probationary
Recreation Lifeguard II,In Progress,Miscellaneous,NORDC,Transient (3 month appointment)
Office Assistant Trainee,Filled,Health Department,Health- General,Probationary
Executive Assistant,Cancelled,Office of Inspector General,,Full time
Laborer Waste Collector,Filled,Sanitation Department,,Probationary
Equipment Operator II,Filled,Sanitation Department,,Probationary
Recreation Lifeguard I,In Progress,Miscellaneous,NORDC,Transient (3 month appointment)
Senior Project Manager,Approved,Miscellaneous,,Unclassified
INFORMATION TECHNOLOGY SPECIALIST III,Cancelled,Safety & Permits,,Probationary
Management Development Analyst II,,Office Of Community Development,,Probationary
MANAGEMENT DEVELOPMENT ANALYST I (CLASS CODE 0361),Filled,Sewerage and Water Board of New Orleans,,Probationary
POLICE RECRUIT- ACADEMY,Cancelled,Police Department,,Probationary
Office Assistant I,Cancelled,Fire Department,,Probationary
OFFICE ASSISTANT III (Jasmine Foley Promotion),Cancelled,Safety & Permits,,Probationary
ATTORNEY III (CLASS CODE 7026),Filled,Sewerage and Water Board of New Orleans,,Transient (3 month appointment)
AUTOMOTIVE MAINTENANCE SPECIALIST (CLASS CODE 1913),Filled,Sewerage and Water Board of New Orleans,,Probationary
Laborer Waste Collector,Filled,Sanitation Department,,Full time
POLICE RECRUIT- ACADEMY,Filled,Police Department,,Probationary
Management Development Specialist II (Cynthia),Filled,Safety & Permits,,Full time
Paramedic,Filled,Health Department,Emergency Medical Services,Reinstatement
RECREATION LEADER I (CLASS CODE 6121 ),,Miscellaneous,NORDC,Probationary
Police Officer,Filled,Police Department,,Probationary
Police Aide,Filled,Police Department,,Provisional
Office Assistant Trainee,Filled,Health Department,Health- General,Probationary
Electrical Inspector,Open,Safety & Permits,,Probationary
Office Assistant I,Filled,Miscellaneous,NORDC,Probationary
SOCIAL SERVICES WORKER III (CLASS CODE 6034),,Human Services,,Probationary
Equipment Operator III,Cancelled,Public Works Department,,Probationary
PEST CONTROL INSPECTOR IV (CLASS CODE 1531),Filled,New Orleans Mosquito and Termite Control Board,,Probationary
Court Clerk,Approved,Clerk of Criminal District Court,,Unclassified
Engineering Intern,Open,Sewerage and Water Board of New Orleans,,Transient (3 month appointment)
MECHANICAL EQUIPMENT INSPECTOR,Filled,Safety & Permits,,Probationary
Parking Enforcement Officer III,,Public Works Department,,Reinstatement
311 Telecommunications Senior Operator,Open,Sewerage and Water Board of New Orleans,,Probationary
Engineer Intern I,Filled,Public Works Department,,Probationary
Laborer,Filled,Human Services,,Probationary
RECREATION PROGRAM MANAGER II (CLASS CODE 6153),Filled,Miscellaneous,NORDC,Probationary
INSPECTOR AND EVALUATOR III (INSPECTOR GENERAL) (CLASS CODE 0722),Filled,Office of Inspector General,,Full time
Recreation Lifeguard II,In Progress,Miscellaneous,NORDC,Transient (3 month appointment)
Police Technician I,Filled,Police Department,,Probationary
POLICE SERGEANT (CLASS CODE 7111),Filled,Police Department,,Transient (3 month appointment)
RECREATION LIFEGUARD I (CLASS CODE 6110),Filled,Miscellaneous,NORDC,Transient (3 month appointment)
Grounds Patrol Officer,Cancelled,Human Services,,Probationary
Healthcare and Social Services Manager,Cancelled,Health Department,Health- General,Probationary
Social Services Worker I,Filled,Human Services,,Probationary
POLICE RECRUIT- ACADEMY,Filled,Police Department,,Probationary
POLICE RECRUIT (CLASS CODE 7109),Filled,Police Department,,Probationary
Networks Maintenance Technician I,Open,Sewerage and Water Board of New Orleans,,Probationary
Parking Enforcement Officer I,Filled,Public Works Department,,Probationary
Court Clerk,,Clerk of Criminal District Court,,Unclassified
POLICE RECRUIT- ACADEMY,Filled,Police Department,,Probationary
Utilities Mainteance Technician III,Open,Sewerage and Water Board of New Orleans,,Probationary
Building Inspector,Open,Safety & Permits,,Probationary
POLICE TECHNICAL SPECIALIST II (CLASS CODE 7147),Cancelled,NOPD,,Probationary
Fire Captain,Filled,Fire Department,,Probationary
Accountant II,Filled,Office Of Community Development,,Probationary
Fire Recruit,,Fire Department,,Probationary
Paralegal,Approved,Law Department,,Unclassified
Management Development Specialist II,Filled,Chief Administrative Office,,Probationary
RECREATION LIFEGUARD I (CLASS CODE 6110),Cancelled,Miscellaneous,NORDC,Probationary
Police Officer,Filled,Police Department,,Probationary
Information Technology Specialist III,,Sewerage and Water Board of New Orleans,,Provisional
Laborer,Filled,Public Works Department,,Probationary
Laborer,Filled,Public Works Department,,Probationary
POLICE RECRUIT (CLASS CODE 7109),Open,Police Department,,Probationary
"SENIOR CARPENTER, CLASS CODE 1741",Open,Property Management,,Probationary
RECREATION LIFEGUARD II (CLASS CODE 6111),Cancelled,Miscellaneous,NORDC,Transient (3 month appointment)
Police Officer,Cancelled,Police Department,,Probationary
Youth & Families Operations Coordinator,Approved,Mayor's Office,Mayor's Office (General),Unclassified
LABORER (CLASS CODE 1510),Cancelled,Chief Administrative Office,Equipment Maintenance Division,Minimum Skills
POLICE RECRUIT (CLASS CODE 7109),Open,Police Department,,Probationary
POLICE RECRUIT- ACADEMY,Cancelled,Police Department,,Probationary
ATTORNEY III (CLASS CODE 7026),Filled,Sewerage and Water Board of New Orleans,,Probationary
Recreation Lifeguard II,In Progress,Miscellaneous,NORDC,Transient (3 month appointment)
POLICE INVESTIGATIVE SPECIALIST (CLASS CODE 7167),Filled,Police Department,,Probationary
Laborer,Filled,Parks & Parkways,,Probationary
Principal City Planner (Emily),Filled,City Planning Commission,,Probationary
Code Enforcement Assistant I,Filled,Sanitation Department,,Probationary
IT Specialist III-Systems Administrator,Cancelled,Chief Administrative Office,Information Technology and Innovation,Probationary
Networks Maintenance Technician I,Open,Sewerage and Water Board of New Orleans,,Probationary
Police Officer,Cancelled,Police Department,,Probationary
RECREATION LIFEGUARD I (CLASS CODE 6110),Filled,Miscellaneous,NORDC,Transient (3 month appointment)
Taxicab Investigator (charles replacement),Cancelled,Safety & Permits,,Full time
Police Officer,Filled,Police Department,,Probationary
Laborer Waste Collector,Filled,Sanitation Department,,Probationary
EMT Basic,Filled,Health Department,Emergency Medical Services,Probationary
LABORER (CLASS CODE 1510),Filled,Miscellaneous,NORDC,Probationary
Police Officer,Filled,Police Department,,Probationary
POLICE INVESTIGATIVE SPECIALIST (CLASS CODE 7167),Cancelled,Police Department,,Probationary
POLICE RECRUIT- ACADEMY,Filled,Police Department,,Probationary
Accountant II,Open,Sewerage and Water Board of New Orleans,,Full time
Juvenile Detention Counselor III,Cancelled,Human Services,,Probationary
Deputy City Attorney,Approved,Law Department,,Unclassified
POLICE TECHNICAL SPECIALIST II (CLASS CODE 7147),Cancelled,NOPD,,Probationary
Water Purification Operator 1,Open,Sewerage and Water Board of New Orleans,,Probationary
Senior Office Support Specialist,Cancelled,Public Works Department,,Probationary
Police Technician I,,Police Department,,Probationary
Management Development Specialist II,Filled,Office Of Community Development,,Probationary
PEST CONTROL INSPECTOR II (CLASS CODE 5427),Cancelled,New Orleans Mosquito and Termite Control Board,,Probationary
Paramedic,Filled,Health Department,Emergency Medical Services,Probationary
Juvenile Detention Counselor III,Filled,Human Services,,Probationary
Police Officer,Filled,Police Department,,Probationary
Airport Communications Specialist 89108060,Filled,New Orleans Aviation Board,Communications,Probationary
RECREATION SITE FACILITATOR I (CLASS CODE 6145),Filled,Miscellaneous,NORDC,Reinstatement
RECREATION ATHLETICS MANAGER I (CLASS CODE 6148),Cancelled,Miscellaneous,NORDC,Probationary
Networks Maintenance Technician I,Open,Sewerage and Water Board of New Orleans,,Probationary
Accountant I (89100421),Filled,New Orleans Aviation Board,,Probationary
ACCOUNTANT III (CLASS CODE 0410),Filled,Police Department,,Probationary
"Policy and Data Analyst, Community Assets & Investments",Approved,Mayor's Office,Mayor's Office (General),Unclassified
Laborer Waste Collector,In Progress,Sanitation Department,,Probationary
Recreation Lifeguard I,In Progress,Miscellaneous,NORDC,Transient (3 month appointment)
Paramedic,Filled,Health Department,Emergency Medical Services,Probationary
Sr Arch Historian (Yvette),Filled,Historic Districts and Landmarks Commission,,Full time
Police Technician I,,Police Department,,Probationary
Networks Quality Assurance and Safety Inspector,Open,Sewerage and Water Board of New Orleans,,Probationary
Information Technology Specialist II,Cancelled,Fire Department,,Probationary
VOCA/VAWA Grants Manager,Filled,Mayor's Office,Mayor's Office (General),Probationary
CRIME ANALYST I (CLASS CODE 7601),Filled,Police Department,,Probationary
MANAGEMENT DEVELOPMENT ANALYST I (CLASS CODE 0361),Filled,Sewerage and Water Board of New Orleans,,Probationary
RECREATION LIFEGUARD I (CLASS CODE 6110),Filled,Miscellaneous,NORDC,Transient (3 month appointment)
POLICE RECRUIT- ACADEMY,Filled,Police Department,,Probationary
Recreation Lifeguard I,In Progress,Miscellaneous,NORDC,Transient (3 month appointment)
RECREATION ADMINISTRATOR III (CENTER DIRECTOR) (CLASS CODE 6157),Filled,Miscellaneous,NORDC,Probationary
POLICE RECRUIT- ACADEMY,Filled,Police Department,,Probationary
Social Services Worker I,Cancelled,Human Services,,Probationary
Utilities Trade Specialist I,Open,Sewerage and Water Board of New Orleans,,Probationary
Water Service Inpector I,Open,Sewerage and Water Board of New Orleans,,Probationary
RECREATION CENTER ASSISTANT I (CLASS CODE 6158),Filled,Miscellaneous,NORDC,Probationary
"Executive Counsel, Civil Service",Approved,Civil Service Department,,Probationary
Management Development Specialist II,Cancelled,Sewerage and Water Board of New Orleans,,Probationary
Equipment Operator II,Filled,Public Works Department,,Probationary
Police Aide,Filled,Police Department,,Provisional
RECREATION ADMINISTRATOR II (AQUATICS DIRECTOR) (CLASS CODE 6154),Cancelled,Miscellaneous,NORDC,Probationary
SENIOR MAINTENANCE WORKER (CLASS CODE 1720),Filled,Miscellaneous,NORDC,Probationary
POLICE RECRUIT (CLASS CODE 7109),Open,Police Department,,Probationary
Equipment Operator II,Cancelled,Sanitation Department,,Probationary
Gardner 2,Filled,Parks & Parkways,,Probationary
RECREATION CENTER ASSISTANT I (CLASS CODE 6158),Filled,Miscellaneous,NORDC,Probationary
"Office Support Specialist, Class Code 0070",Cancelled,Property Management,,Probationary
Recreation Lifeguard I,In Progress,Miscellaneous,NORDC,Transient (3 month appointment)
RECREATION LIFEGUARD I (CLASS CODE 6110),Filled,Miscellaneous,NORDC,Probationary
Airport Tech Specialist (89108046),Filled,New Orleans Aviation Board,Engineering,Probationary
Networks Senior Maintenance Technician I,Open,Sewerage and Water Board of New Orleans,,Probationary
Police Officer,Filled,Police Department,,Probationary
Court Clerk I,Approved,Municipal Court,,Unclassified
Urban Policy Specialist V,Approved,Police Department,,Unclassified
RECREATION LIFEGUARD I (CLASS CODE 6110),Filled,Miscellaneous,NORDC,Probationary
"OFFICE ASSISTANT, TRAINEE (CLASS CODE 0020)",Filled,Finance Department,Accounting,Full time
Grounds Patrol Supervisor,Filled,Mayor's Office,Homeland Security,Probationary
Sobering Center Liaison,Filled,Health Department,,Probationary
Taxicab Bureau Administrator,Cancelled,Safety & Permits,,Full time
Equipment Operator III,Filled,Sanitation Department,,Probationary
311 Telecommunications Operator Trainee,Open,Sewerage and Water Board of New Orleans,,Probationary
Death Investigator,,Coroner's Office,,Unclassified
Police Officer,Filled,Police Department,,Probationary
Social Worker I,Filled,Human Services,,Probationary
Assistant Councilmanic Fiscal Officer,Approved,City Council,Council Fiscal,Unclassified
Grounds Patrol Officer,In Progress,Human Services,,Probationary
Airport Technician I (Equipment Operator) 89108043,Cancelled,New Orleans Aviation Board,Terminal Maintenance,Probationary
CITY PLANNER,Cancelled,City Planning Commission,,Full time
REVENUE COLLECTION SUPERVISOR (CLASS CODE 0463),Filled,Finance Department,revenue,Full time
ACCOUNTANT II (CLASS CODE 0422),Cancelled,Finance Department,Treasury,Probationary
POLICE RECRUIT- ACADEMY,Filled,Police Department,,Probationary
Police Officer,Cancelled,Police Department,,Probationary
Senior City Planner,Open,Sewerage and Water Board of New Orleans,,Probationary
RECREATION CENTER ASSISTANT I (CLASS CODE 6158),Cancelled,Miscellaneous,NORDC,Probationary
ELECTRONICS TECHNICIAN (CLASS CODE 2500),Cancelled,Police Department,,Probationary
Police Officer,Cancelled,Police Department,,Probationary
Recreation Lifeguard I,In Progress,Miscellaneous,NORDC,Transient (3 month appointment)
"OFFICE ASSISTANT, TRAINEE (CLASS CODE 0020)",Cancelled,Office Of Community Development,,Probationary
POLICE SERGEANT (CLASS CODE 7111),Filled,Police Department,,Transient (3 month appointment)
Recreation Lifeguard I,In Progress,Miscellaneous,NORDC,Transient (3 month appointment)
RECREATION LIFEGUARD I (CLASS CODE 6110),Cancelled,Miscellaneous,NORDC,Transient (3 month appointment)
Storekeeper,Open,Public Works Department,,Probationary
Principal Office Support Specialist,Filled,Sewerage and Water Board of New Orleans,,Probationary
Paramedic,Filled,Health Department,Emergency Medical Services,Probationary
RECREATION LIFEGUARD I (CLASS CODE 6110),Filled,Miscellaneous,NORDC,Probationary
"OFFICE ASSISTANT, TRAINEE (Angel Replacement)",Cancelled,Safety & Permits,,Probationary
Fire Captain,Filled,Fire Department,,Probationary
POLICE TECHNICAL SPECIALIST II (CLASS CODE 7147),Cancelled,NOPD,,Probationary
Fire Recruit,Filled,Fire Department,,Probationary
JUVENILE DETENTION COUNSELOR I (CLASS CODE 6028),In Progress,Human Services,,Probationary
Office Assistant I,Cancelled,Sewerage and Water Board of New Orleans,,Probationary
Police Officer,Filled,Police Department,,Probationary
Quality Improvement & Strategic Performance Manager,Cancelled,Health Department,,Probationary
Court Clerk,Approved,Clerk of Criminal District Court,,Unclassified
Water Service Inspector I,Open,Sewerage and Water Board of New Orleans,,Full time
Social Services Worker II,Cancelled,Human Services,,Probationary
Office Assistant II,Filled,Sewerage and Water Board of New Orleans,,Probationary
"OFFICE ASSISTANT, TRAINEE",Filled,Safety & Permits,,Full time
INFORMATION TECHNOLOGY SUPERVISOR (CLASS CODE 0180),Open,Mayor's Office,Homeland Security,Probationary
RECREATION LIFEGUARD I (CLASS CODE 6110),Filled,Miscellaneous,NORDC,Transient (3 month appointment)
EMT Basic,Filled,Health Department,Emergency Medical Services,Probationary
AIRPORT SERVICES MANAGER (LANDSIDE COORDINATOR) CC 89108320,Filled,New Orleans Aviation Board,,Probationary
Building Plan Examiner,Cancelled,Safety & Permits,,Full time
Juvenile Detention Counselor II,Filled,Human Services,,Probationary
Office Assistant III,Open,Sewerage and Water Board of New Orleans,,Probationary
PEST CONTROL INSPECTOR II (CLASS CODE 5427),Filled,New Orleans Mosquito and Termite Control Board,,Probationary
Tow Truck Operator I,,Public Works Department,,Probationary
Recreation Lifeguard I,In Progress,Miscellaneous,NORDC,Transient (3 month appointment)
Recreation Lifeguard I,In Progress,Miscellaneous,NORDC,Transient (3 month appointment)
Juvenile Detention Counselor III,Filled,Human Services,,Probationary
Juvenile Detention Counselor II,Filled,Human Services,,Probationary
Police Aide,Filled,Police Department,,Provisional
RECREATION LEADER I (CLASS CODE 6121 ),Filled,Miscellaneous,NORDC,Probationary
Equipment Operator II,Cancelled,Public Works Department,,Probationary
Police Officer,Filled,Police Department,,Probationary
LABORER (CLASS CODE 1510),Filled,Miscellaneous,NORDC,Probationary
Public Works Supervisor III,Open,Sewerage and Water Board of New Orleans,,Probationary
Court Clerk,,Clerk of Criminal District Court,,Unclassified
Recreation Lifeguard I,In Progress,Miscellaneous,NORDC,Transient (3 month appointment)
POLICE SERGEANT (CLASS CODE 7111),Filled,Police Department,,Probationary
RECREATION LIFEGUARD I (CLASS CODE 6110),Filled,Miscellaneous,NORDC,Transient (3 month appointment)
Lead Laborer,Filled,Parks & Parkways,,Probationary
Recreation Lifeguard I,In Progress,Miscellaneous,NORDC,Transient (3 month appointment)
EXECUTIVE SECRETARY (CLASS CODE 0264),Cancelled,Police Department,,Probationary
Administrative Support Specialist,Approved,Municipal Court,,Unclassified
Equipment Operator II,Filled,Sanitation Department,,Probationary
HSNO Case MAnagement Supervisor,Cancelled,Health Department,,Probationary
MANAGEMENT DEVELOPMENT ASSISTANT (CLASS CODE 0360),Filled,New Orleans Public Library,,Provisional
Recreation Lifeguard I,In Progress,Miscellaneous,NORDC,Transient (3 month appointment)
PEST CONTROL INSPECTOR I (CLASS CODE 5426),Filled,New Orleans Mosquito and Termite Control Board,,Transient (3 month appointment)
RECREATION LIFEGUARD II (CLASS CODE 6111),Cancelled,Miscellaneous,NORDC,Transient (3 month appointment)
Court Clerk II,,Clerk of Criminal District Court,,Unclassified
Senior Taxicab Investigator (Joiner),Approved,Safety & Permits,,Probationary
MANAGEMENT DEVELOPMENT ANALYST I (CLASS CODE 0361),,Civil Service Department,,Probationary
MDAII,Cancelled,Sewerage and Water Board of New Orleans,,Probationary
"OFFICE ASSISTANT, TRAINEE (CLASS CODE 0020)",Cancelled,Sanitation Department,,Probationary
Water Purification Operator 1,Open,Sewerage and Water Board of New Orleans,,Probationary
Grants and Performance Specialist,Cancelled,Health Department,Health- General,Probationary
RECREATION LIFEGUARD I (CLASS CODE 6110),Filled,Miscellaneous,NORDC,Transient (3 month appointment)
IT Specialist III,,Sewerage and Water Board of New Orleans,,Probationary
Police Officer,Cancelled,Police Department,,Probationary
Accountant,Filled,Health Department,,Probationary
Fire Recruit,Filled,Fire Department,,Probationary
"Emergency Medical Coordinator, Assistant",Filled,Health Department,Emergency Medical Services,Probationary
Networks Senior Maintenance Technician I,Cancelled,Sewerage and Water Board of New Orleans,,Probationary
Lead Laborer,Cancelled,Parks & Parkways,,Probationary
RECREATION PROGRAM MANAGER II (CLASS CODE 6153),Cancelled,Miscellaneous,NORDC,Probationary
Laborer,Approved,Miscellaneous,NORDC,Probationary
Project Scheduler,Approved,Miscellaneous,,Unclassified
Management Development Specialist II,,Public Works Department,,Probationary
Laborer Waste Collector,Filled,Sanitation Department,,Full time
"RECREATION LEADER, ASSISTANT (CLASS CODE 6120)",Filled,Miscellaneous,NORDC,Transient (3 month appointment)
Case Manager,Approved,Juvenile Court,,Unclassified
Court Reporter 2,Approved,Municipal Court,,Unclassified
UTILITY SERVICES MANAGER (EMIS),Cancelled,Sewerage and Water Board of New Orleans,,Probationary
Steam Plant Engineer I,Open,Sewerage and Water Board of New Orleans,,Probationary
311 Telecommunications Operator Trainee,Filled,Sewerage and Water Board of New Orleans,,Probationary
MANAGEMENT DEVELOPMENT SUPERVISOR I (PROMOTIONAL) (CLASS CODE 0365),Filled,Sewerage and Water Board of New Orleans,,Full time
Lead Laborer,Approved,Parks & Parkways,,Probationary
Office Assistant III,Filled,Sewerage and Water Board of New Orleans,,Probationary
DISASTER RECOVERY PROGRAM ASSISTANT II (CLASS CODE 4412),Filled,Mayor's Office,Mayor's Office (General),Probationary
Office Assistant II,Filled,Public Works Department,,Probationary
LICENSED PRACTICAL NURSE I (CLASS CODE 5118),Cancelled,Health Department,Health- General,Probationary
Accountant II,Filled,Sewerage and Water Board of New Orleans,,Full time
REAL ESTATE ADMINISTRATOR (CLASS CODE 7050),Filled,Property Management,,Reinstatement
Director of Scheduling,Approved,Mayor's Office,Mayor's Office (General),Unclassified
Executive Assistant to the Director and Deputy Director,Cancelled,Health Department,,Probationary
HAZARD MITIGATION ADMINISTRATOR,Filled,Mayor's Office,Homeland Security,Probationary
Deputy Director of the Municipal Yacht Harbor,Approved,Municipal Yacht Harbor,,Unclassified
Fire Apparatus Operator,Filled,Fire Department,,Probationary
Court Clerk,,Clerk of Criminal District Court,,Unclassified
Airport Services Agent (Administration) 89108310,Cancelled,New Orleans Aviation Board,Director & Staff,Probationary
Fire Apparatus Operator,Filled,Fire Department,,Probationary
POLICE LIEUTENANT (CLASS CODE 7112),Filled,NOPD,,Transient (3 month appointment)
MANAGEMENT DEVELOPMENT ANALYST I (CLASS CODE 0361),Filled,Sewerage and Water Board of New Orleans,,Probationary
Parking Enforcement Officer I,Open,Public Works Department,,Probationary
"Laborer, Class Code 1510",Filled,Property Management,,Transient (3 month appointment)
Fire Apparatus Operator,Filled,Fire Department,,Probationary
EXECUTIVE SECRETARY (CLASS CODE 0264),Cancelled,Sewerage and Water Board of New Orleans,,Probationary
Information Technology Spec. II (89100163),Cancelled,New Orleans Aviation Board,,Probationary
Office Assistant II,Filled,Sewerage and Water Board of New Orleans,,Probationary
RECREATION LIFEGUARD I (CLASS CODE 6110),Filled,Miscellaneous,NORDC,Transient (3 month appointment)
Management Development Analyst I,Cancelled,Public Works Department,,Probationary
POLICE SERGEANT (CLASS CODE 7111),Filled,Police Department,,Transient (3 month appointment)
Dentist,Filled,Health Department,Health- General,Probationary
RECREATION LIFEGUARD I (CLASS CODE 6110),Cancelled,Miscellaneous,NORDC,Transient (3 month appointment)
Police Officer,Cancelled,Police Department,,Probationary
Information Technology Spec. II (89100163),Cancelled,New Orleans Aviation Board,Information Technology,Probationary
Court Clerk,,Clerk of Criminal District Court,,Unclassified
Laborer,Filled,Parks & Parkways,,Probationary
CITY ECONOMIST (CLASS CODE 0601),Cancelled,Finance Department,Director's Office,Conditional
POLICE RECRUIT (CLASS CODE 7109),Cancelled,Police Department,,Probationary
Recreation Lifeguard I,In Progress,Miscellaneous,NORDC,Transient (3 month appointment)
Senior Engineer,Filled,Sewerage and Water Board of New Orleans,,Probationary
Utilities Maintenance Technician III,Open,Sewerage and Water Board of New Orleans,,Full time
Office Assistant II (Nakiesha),Cancelled,Safety & Permits,,Probationary
Safe Routes to School Coordinator,Cancelled,Health Department,Health- General,Probationary
Social Services Worker I,Filled,Human Services,,Probationary
Laborer Waste Collector,Filled,Sanitation Department,,Full time
Utilites Master Maintenance Supervisor,,Sewerage and Water Board of New Orleans,,Probationary
Auto Mechanic 2,Filled,Parks & Parkways,,Probationary
"Office Assistant, Trainee",Filled,Parks & Parkways,,Provisional
YOUTH STUDY CENTER SUPPORT SERVICES SUPERINTENDENT (CLASS CODE 6080),Filled,Human Services,,Probationary
RECREATION LIFEGUARD I (CLASS CODE 6110),Filled,Miscellaneous,NORDC,Reinstatement
Neighborhood Liaison,Approved,Mayor's Office,Mayor's Office (General),Unclassified
Recreation Lifeguard I,In Progress,Miscellaneous,NORDC,Transient (3 month appointment)
MANAGEMENT DEVELOPMENT ANALYST I (CLASS CODE 0361),Cancelled,Finance Department,Purchasing,Full time
Engineer Intern I,Cancelled,Public Works Department,,Probationary
Recreation Lifeguard I,In Progress,Miscellaneous,NORDC,Transient (3 month appointment)
POLICE RECRUIT (CLASS CODE 7109),Filled,Police Department,,Transient (3 month appointment)
Construction Project Manager,Approved,Miscellaneous,,Unclassified
Engineer,Filled,Sewerage and Water Board of New Orleans,,Probationary
RECREATION LIFEGUARD I (CLASS CODE 6110),Filled,Miscellaneous,NORDC,Transient (3 month appointment)
AIRPORT TECHNICIAN III (STATIONARY ENGINEER) (CLASS CODE 8045),Cancelled,New Orleans Aviation Board,,Probationary
Engineering Division Manager,Cancelled,Sewerage and Water Board of New Orleans,,Full time
OFFICE ASSISTANT I (PROMOTIONAL) (CLASS CODE 0032),Filled,Office Of Community Development,,Probationary
POLICE RECRUIT- ACADEMY,Filled,Police Department,,Probationary
Interim Risk Manager,Approved,Miscellaneous,,Unclassified
"Policy & Program Manager, Office of Transportation",Approved,Mayor's Office,Mayor's Office (General),Unclassified
RECREATION LIFEGUARD II (CLASS CODE 6111),Cancelled,Miscellaneous,NORDC,Transient (3 month appointment)
Police Aide,Filled,Police Department,,Provisional
POLICE RECRUIT- ACADEMY,Filled,Police Department,,Probationary
Airport Principal Maintenance Supervisor (C8049),Filled,New Orleans Aviation Board,Engineering,Probationary
Recreation Lifeguard I,In Progress,Miscellaneous,NORDC,Transient (3 month appointment)
Police Officer,Filled,Police Department,,Probationary
Project Manager II,Approved,Mayor's Office,,Unclassified
POLICE RECRUIT- ACADEMY,Filled,Police Department,,Probationary
Equipment Operator III,In Progress,Public Works Department,,Probationary
LABORER (CLASS CODE 1510),Filled,Property Management,,Transient (3 month appointment)
Grounds Patrol Officer,Filled,Human Services,,Probationary
Princinpal Engineer,Filled,Sewerage and Water Board of New Orleans,,Probationary
Police Officer,Filled,Police Department,,Probationary
AUTOMOTIVE SERVICES SUPERVISOR (CLASS CODE 1994),Filled,Chief Administrative Office,Equipment Maintenance Division,Probationary
Utilities Maintenance Technician II,Open,Sewerage and Water Board of New Orleans,,Probationary
Power Dispatcher III,Filled,Sewerage and Water Board of New Orleans,,Full time
Traffic/Municipal Court Attorney,Approved,Law Department,,Unclassified
Networks Master Maintenance Technician II,Cancelled,Sewerage and Water Board of New Orleans,,Probationary
"Pumping Station Supervisor Assistant, Drainage",Approved,Sewerage and Water Board of New Orleans,,Probationary
Pumping Plant Operator,Filled,Sewerage and Water Board of New Orleans,,Probationary
POLICE TECHNICAL SPECIALIST II (CLASS CODE 7147),Open,NOPD,,Probationary
Groundskeeper 3,Filled,Parks & Parkways,,Probationary
Utilities Maintenance Technician II,Cancelled,Sewerage and Water Board of New Orleans,,Full time
Office Assistant IV,Cancelled,Sewerage and Water Board of New Orleans,,Full time
Water Service Inspector I,Open,Sewerage and Water Board of New Orleans,,Full time
Special Assistant/Project Manage for Strategic Initiatives,Approved,Mayor's Office,Mayor's Office (General),Unclassified
Steam Plant Engineer 1,Filled,Sewerage and Water Board of New Orleans,,Full time
Paramedic,Cancelled,Health Department,Emergency Medical Services,Probationary
RECREATION LIFEGUARD I (CLASS CODE 6110),Cancelled,Miscellaneous,NORDC,Probationary
Laborer Waste Collector,Filled,Sanitation Department,,Probationary
Grounds Patrol Supervisor,Cancelled,French Market Corporation,,Probationary
RECREATION LIFEGUARD I (CLASS CODE 6110),Cancelled,Miscellaneous,NORDC,Transient (3 month appointment)
MANAGEMENT DEVELOPMENT ANALYST II (POLICE RECRUITER) (CLASS CODE 0362,Cancelled,Police Department,,Probationary
Recreation Lifeguard I,In Progress,Miscellaneous,NORDC,Transient (3 month appointment)
RECREATION LIFEGUARD I (CLASS CODE 6110),Filled,Miscellaneous,NORDC,Transient (3 month appointment)
Office Assistant IV,Cancelled,Sewerage and Water Board of New Orleans,,Probationary
Accountant II,Cancelled,Sewerage and Water Board of New Orleans,,Full time
Networks Maintenance Technician I,Open,Sewerage and Water Board of New Orleans,,Probationary
Lead Laborer,Filled,Parks & Parkways,,Probationary
Fire Recruit,Cancelled,Fire Department,,Probationary
Police Officer,Filled,Police Department,,Probationary
Lead Laborer,Filled,Parks & Parkways,,Probationary
Recreation Center Manager I,Open,Miscellaneous,NORDC,Probationary
POLICE RECRUIT- ACADEMY,Filled,Police Department,,Probationary
Office Assistant II,Cancelled,Sewerage and Water Board of New Orleans,,Full time
Urban Water Project Manager - PDU Sustainable Infrastructure,Cancelled,Miscellaneous,Miscellaneous- Other,Unclassified
Groundskeeper 3,Filled,Parks & Parkways,,Probationary
Water Purification Operator II,Open,Sewerage and Water Board of New Orleans,,Probationary
Legal Administrative Assistant (Litigation),Cancelled,Sewerage and Water Board of New Orleans,,Probationary
RECREATION SITE FACILITATOR I (CLASS CODE 6145),Cancelled,Miscellaneous,NORDC,Probationary
POLICE RECRUIT- ACADEMY,Filled,Police Department,,Probationary
Laborer,Filled,Parks & Parkways,,Probationary
POLICE LIEUTENANT (CLASS CODE 7112),Filled,NOPD,,Transient (3 month appointment)
Lead Laborer,Filled,Parks & Parkways,,Probationary
COMPLIANCE MANAGER-Consent Dec (CLASS CODE U6080),Approved,Police Department,,Unclassified
Laborer,Filled,Parks & Parkways,,Probationary
Information Technology Specialist I (C0165),Cancelled,New Orleans Aviation Board,Information Technology,Probationary
Sr Arch Historian (Rene),Filled,Vieux Carre Commission,,Probationary
Building Inspector,Open,Safety & Permits,,Probationary
JUVENILE DETENTION COUNSELOR II (CLASS CODE 6029),Open,Human Services,,Probationary
Utility Service Adminstrator (Facility Maintenance),Open,Sewerage and Water Board of New Orleans,,Full time
"RECREATION LEADER, ASSISTANT (CLASS CODE 6120)",Filled,Miscellaneous,NORDC,Transient (3 month appointment)
Networks Maintenance Technician II,Open,Sewerage and Water Board of New Orleans,,Probationary
MANAGEMENT DEVELOPMENT ANALYST I (CLASS CODE 0361),Filled,Police Department,,Probationary
Recreation Center Assistant I,Open,Miscellaneous,NORDC,Probationary
Automotive Mechanic III,Filled,Chief Administrative Office,Equipment Maintenance Division,Probationary
MANAGEMENT DEVELOPMENT ANALYST I (CLASS CODE 0361),Filled,Civil Service Department,,Probationary
Police Aide,Cancelled,Police Department,,Provisional
POLICE RECRUIT- ACADEMY,Filled,Police Department,,Probationary
Management Development Analyst I,Filled,Public Works Department,,Probationary
Engineering Intern,Open,Sewerage and Water Board of New Orleans,,Transient (3 month appointment)
SOCIAL WORKER II (CLASS CODE 0295),Cancelled,Municipal Court,,Provisional
Engineer Intern II,Cancelled,Sewerage and Water Board of New Orleans,,Probationary
Public Health Educator,Cancelled,Health Department,Health- General,Probationary
Networks Maintenance Technician I,Cancelled,Sewerage and Water Board of New Orleans,,Probationary
Office Assistant IV,Cancelled,Sewerage and Water Board of New Orleans,,Probationary
PEST CONTROL SPECIALIST I (CLASS CODE 5466),Cancelled,New Orleans Mosquito and Termite Control Board,,Probationary
Flea Market Manager,Cancelled,French Market Corporation,,Probationary
Automotive Mechanic III,Filled,Sewerage and Water Board of New Orleans,,Probationary
HSNO Case Management Supervisor,On Hold,Health Department,,Probationary
"Office Assistant, Trainee",Filled,City Council,Council Research,Probationary
Accountant II,Filled,Sewerage and Water Board of New Orleans,,Full time
Power Dispatcher III,Filled,Sewerage and Water Board of New Orleans,,Probationary
MANAGEMENT DEVELOPMENT ANALYST I (CLASS CODE 0361),,Chief Administrative Office,Equipment Maintenance Division,Probationary
USM (Safety),Open,Sewerage and Water Board of New Orleans,,Probationary
SENIOR MAINTENANCE WORKER (CLASS CODE 1720),Cancelled,Miscellaneous,NORDC,Probationary
POLICE RECRUIT- ACADEMY,Filled,Police Department,,Probationary
Recreation Lifeguard I,In Progress,Miscellaneous,NORDC,Transient (3 month appointment)
RECREATION LIFEGUARD I (CLASS CODE 6110),Filled,Miscellaneous,NORDC,Reinstatement
CITY ECONOMIST (CLASS CODE 0601),Cancelled,Finance Department,Director's Office,Conditional
CRIME ANALYST I (CLASS CODE 7601),Cancelled,Police Department,,Probationary
MANAGEMENT DEVELOPMENT ANALYST I (CLASS CODE 0361),Filled,Sewerage and Water Board of New Orleans,,Probationary
Licensed Practical Nurse III,Filled,Health Department,Health- General,Probationary
FEMA Administrative Coordinator,In Progress,Mayor's Office,,Unclassified
RECREATION LIFEGUARD I (CLASS CODE 6110),Filled,Miscellaneous,NORDC,Transient (3 month appointment)
Police Officer,Filled,Police Department,,Probationary
Fire Recruit,Cancelled,Fire Department,,Probationary
CRIME ANALYST II (CLASS CODE 7602),Filled,Police Department,,Probationary
POLICE CAPTAIN (CLASS CODE 7113),Filled,Police Department,,Provisional
POLICE INVESTIGATIVE SPECIALIST (CLASS CODE 7167),Cancelled,Police Department,,Probationary
Recreation Site Facilitator I,In Progress,Miscellaneous,NORDC,Probationary
MANAGEMENT DEVELOPMENT SPECIALIST I (CLASS CODE 0363),Filled,Civil Service Department,,Probationary
311 Telecommunications Senior Operator,Filled,Sewerage and Water Board of New Orleans,,Probationary
MANAGEMENT DEVELOPMENT SUPERVISOR I (PROMOTIONAL) (CLASS CODE 0365),Cancelled,Sewerage and Water Board of New Orleans,,Full time
Information Technology Director (Director of Operations),Cancelled,Chief Administrative Office,Information Technology and Innovation,Probationary
POLICE ACADEMY INSTRUCTOR (CLASS CODE 7135),Filled,Police Department,,Probationary
Fire Captain,Filled,Fire Department,,Probationary
OFFICE ASSISTANT III (CLASS CODE 0061),Filled,Chief Administrative Office,CAO Mail Room,Probationary
POLICE CAPTAIN (CLASS CODE 7113),Filled,Police Department,,Provisional
RECREATION LIFEGUARD I (CLASS CODE 6110),Cancelled,Miscellaneous,NORDC,Transient (3 month appointment)
Airport Technician II (Equipment Operator) 89108044,Filled,New Orleans Aviation Board,Airfield Maintenance,Probationary
Office Assistant IV,Filled,Sewerage and Water Board of New Orleans,,Full time
SAFETY ENGINEER (CLASS CODE 4110),Open,Miscellaneous,,Probationary
PUBLIC RELATIONS SPECIALIST (ENTRANCE) (CLASS CODE 7126),Filled,Police Department,,Probationary
Licensed Practical Nurse I,Cancelled,Health Department,Health- General,Probationary
EXECUTIVE SECRETARY (CLASS CODE 0264),Cancelled,Police Department,,Probationary
Recreation Lifeguard I,In Progress,Miscellaneous,NORDC,Transient (3 month appointment)
"Public Works Supervisor IV, Class Code 3133",Cancelled,Property Management,,Probationary
RECREATION LIFEGUARD I (CLASS CODE 6110),Cancelled,Miscellaneous,NORDC,Transient (3 month appointment)
POLICE LIEUTENANT (CLASS CODE 7112),Filled,Police Department,,Reinstatement
Steam Plant Engineer 1,Filled,Sewerage and Water Board of New Orleans,,Full time
Management Development Specialist I,Cancelled,Sewerage and Water Board of New Orleans,,Probationary
A/P Technician I (Equipment Operator) 89108043,Filled,New Orleans Aviation Board,Airfield Maintenance,Probationary
Water Service Inspector II,Open,Sewerage and Water Board of New Orleans,,Probationary
MANAGEMENT DEVELOPMENT SPECIALIST II (ENTRANCE) (CLASS CODE 0364),On Hold,New Orleans Mosquito and Termite Control Board,,Probationary
Program Coordinator,Approved,Office Of Community Development,,Unclassified
PUBLIC WORKS MAINTENANCE WORKER I (PUBLIC WORKS) (CLASS CODE 3125),Cancelled,Public Works Department,,Probationary
PEST CONTROL INSPECTOR I (CLASS CODE 5426),Cancelled,New Orleans Mosquito and Termite Control Board,,Transient (3 month appointment)
Office Assistant III,Cancelled,Sewerage and Water Board of New Orleans,,Probationary
Equipment Operator II,Cancelled,Sanitation Department,,Probationary
Pumping Plant Operator,Open,Sewerage and Water Board of New Orleans,,Probationary
Grounds Patrol Officer,Filled,Human Services,,Probationary
EXECUTIVE SECRETARY (CLASS CODE 0264),Cancelled,Sewerage and Water Board of New Orleans,,Probationary
Engineer,In Progress,Public Works Department,,Probationary
RECREATION LIFEGUARD I (CLASS CODE 6110),Filled,Miscellaneous,NORDC,Probationary
POLICE RECRUIT- ACADEMY,Filled,Police Department,,Probationary
Office Assistant II (Kristine),Cancelled,Safety & Permits,,Probationary
Parking Enforcement Officer I,Cancelled,Public Works Department,,Probationary
CRIME ANALYST I (CLASS CODE 7601),In Progress,Police Department,,Probationary
Laborer Waste Collector,In Progress,Sanitation Department,,Probationary
RECREATION LIFEGUARD I (CLASS CODE 6110),Filled,Miscellaneous,NORDC,Transient (3 month appointment)
PUBLIC WORKS SUPERVISOR I (CLASS CODE 3130),Filled,Sewerage and Water Board of New Orleans,,Probationary
Grounds Patrol Officer,Filled,Human Services,,Probationary
Utility Plant Worker,Open,Sewerage and Water Board of New Orleans,,Probationary
911 Liaison Officer,Approved,Fire Department,,Probationary
Senior Welder,Filled,Property Management,,Provisional
SOCIAL SERVICES WORKER III (CLASS CODE 6034),Filled,Police Department,,Probationary
OFFICE ASSISTANT III (CLASS CODE 0061),Cancelled,Miscellaneous,NORDC,Probationary
Police Officer,Cancelled,Police Department,,Probationary
Office Assistant IV,Filled,Sewerage and Water Board of New Orleans,,Probationary
Steam Plant Engineer II,Cancelled,Sewerage and Water Board of New Orleans,,Probationary
Recreation Lifeguard I,In Progress,Miscellaneous,NORDC,Transient (3 month appointment)
Attorney II,Approved,Law Department,,Unclassified
Networks Maintenance Technician I,Open,Sewerage and Water Board of New Orleans,,Probationary
POLICE LIEUTENANT (CLASS CODE 7112),,Police Department,,Probationary
PUBLIC WORKS SUPERVISOR III (DEPARTMENT OF SANITATION) (CLASS CODE 3132),Cancelled,Sewerage and Water Board of New Orleans,,Probationary
