name,address2,borough_name,borough_code
Bell,London,Tower Hamlets,E09000030
Railway Tavern,Woodford Green,Redbridge,E09000026
White Hart,Eltham,Greenwich,E09000011
Albert,London,City of Westminster,E09000033
Turnpike House,Stoke Newington,Hackney,E09000012
Ignition Brewery Taproom,Sydenham,Lewisham,E09000023
Sports Bar & Grill,London,City of Westminster,E09000033
Joe's Brasserie,Fulham,Hammersmith and Fulham,E09000013
Pilgrim,Kennington,Lambeth,E09000022
Adelaide,Teddington,Richmond upon Thames,E09000027
Kitchen 79,Queen's Park,Brent,E09000005
Bloomsbury Tavern,London,Camden,E09000007
Sourced Market,London,City of Westminster,E09000033
Swan,Acton Green,Ealing,E09000009
Greenes,Neasden,Brent,E09000005
Lordship,East Dulwich,Southwark,E09000028
George IV,Chiswick,Hounslow,E09000018
Carpenter's Arms,Bethnal Green,Tower Hamlets,E09000030
Adriatico,London,City and County of the City of London,E09000001
One Over The Ait,Brentford,Hounslow,E09000018
White Horse,Fulham,Hammersmith and Fulham,E09000013
Red Lion,Ealing,Ealing,E09000009
Red Filly,Mill Hill,Barnet,E09000003
William Morris,Walthamstow,Waltham Forest,E09000031
Fox & Hounds,Surbiton,Kingston upon Thames,E09000021
St John's Tavern,London,Islington,E09000019
Whyte Lyon (Ye Olde),Locksbottom,Bromley,E09000006
Faltering Fullback,Finsbury Park,Haringey,E09000014
By The Horns Brewery Tap,Summerstown,Wandsworth,E09000032
Angel,London,Islington,E09000019
Buckingham Arms,London,City of Westminster,E09000033
Bull,London,Islington,E09000019
Alfred Herring,Palmers Green,Enfield,E09000010
Moonbay,Wembley,Brent,E09000005
American Bar,London,City of Westminster,E09000033
Dog & Fox,Wimbledon,Merton,E09000024
All Bar One,London,City of Westminster,E09000033
Brewer's Arms,Erith,Bexley,E09000004
Tank & Paddle,London,City of Westminster,E09000033
Albert,Bow,Tower Hamlets,E09000030
Moncada Brewery Tap Room,Cricklewood,Brent,E09000005
Fishmongers Arms,Southgate,Enfield,E09000010
Griffin,London,Hackney,E09000012
Famous Royal Oak,Muswell Hill,Haringey,E09000014
Lion Bar & Kitchen,London,City and County of the City of London,E09000001
Crown,Bromley Common,Bromley,E09000006
Oxymoron at the Royal Oak,Kennington,Lambeth,E09000022
Kiss the Sky,Hornsey,Haringey,E09000014
Globe,Homerton,Hackney,E09000012
Fentiman Arms,South Lambeth,Lambeth,E09000022
Mossy Well,London,Haringey,E09000014
Two Brewers,London,Islington,E09000019
Adam & Eve,London,City of Westminster,E09000033
Windsor Castle,Kensington,Kensington and Chelsea,E09000020
Coach House,Bexleyheath,Bexley,E09000004
Clarence,London,City of Westminster,E09000033
Lamplighter,Hounslow,Hounslow,E09000018
Black Lion,London,Camden,E09000007
Red Cow,Richmond,Richmond upon Thames,E09000027
Corner House,Wembley,Brent,E09000005
George,Kingsbury,Brent,E09000005
Italian Job @ Mercato Metropolitano,London,Southwark,E09000028
Bountiful Cow,London,Camden,E09000007
Captain Morgans,Hayes,Hillingdon,E09000017
Castle,Walthamstow,Waltham Forest,E09000031
Albert,Kingston,Kingston upon Thames,E09000021
Rose & Crown,London,Hackney,E09000012
Lord Stanley,London,Camden,E09000007
Jolly Farmers,Enfield,Enfield,E09000010
Castle,Notting Hill,Kensington and Chelsea,E09000020
Crown,Richmond,Richmond upon Thames,E09000027
Water Rats,London,Camden,E09000007
Brouhaha,Finsbury Park,Haringey,E09000014
Hungerford House Bar & Kitchen,London,City of Westminster,E09000033
Fox under the Hill,Woolwich,Greenwich,E09000011
Lord Palmerston,Walthamstow,Waltham Forest,E09000031
Moon On The Hill,Harrow,Harrow,E09000015
Robin Hood,Enfield,Enfield,E09000010
Perry Hill,Catford,Lewisham,E09000023
Phoenix,Stockwell,Lambeth,E09000022
Edinboro Castle,London,Camden,E09000007
Cork & Bottle Hampstead,Hampstead,Camden,E09000007
William the Fourth,Leyton,Waltham Forest,E09000031
Karamel,London,Haringey,E09000014
Bricklayers Arms,West Norwood,Lambeth,E09000022
Red Lion,London,City of Westminster,E09000033
Seveney,London,Islington,E09000019
Old Ship,Poplar,Tower Hamlets,E09000030
Frankie's Sports Bar & Diner,Fulham,Hammersmith and Fulham,E09000013
Doggett's Coat & Badge,London,Southwark,E09000028
Prince Albert,Brixton,Lambeth,E09000022
White Hart,Barnes,Richmond upon Thames,E09000027
Wandle,Earlsfield,Wandsworth,E09000032
Foxley Hatch,Purley,Croydon,E09000008
Otherist,London,City and County of the City of London,E09000001
Artillery Arms,London,Islington,E09000019
Clarence,West Kensington,Hammersmith and Fulham,E09000013
Prince of Wales,Twickenham,Richmond upon Thames,E09000027
Queen's Head,Green St Green,Bromley,E09000006
Woolpack,London,Southwark,E09000028
Crown,London,Southwark,E09000028
George Canning,Camberwell,Southwark,E09000028
Smith's Bar & Grill,Paddington,City of Westminster,E09000033
Red Lion Hotel,Southall,Ealing,E09000009
Maxwell,Orpington,Bromley,E09000006
Montys Bar & Lounge,London,Tower Hamlets,E09000030
Sophie's,West Brompton,Kensington and Chelsea,E09000020
Phoenix At Rainham,Rainham,Havering,E09000016
Crown & Anchor,Upper Edmonton,Enfield,E09000010
Bird In Hand,Palmers Green,Enfield,E09000010
Lady Mildmay,London,Islington,E09000019
Sloe Bar & Cafe,London,City of Westminster,E09000033
Harrow,Hornchurch,Havering,E09000016
Boathouse CafÃÂÃÂ© & Bar,Barking,Barking and Dagenham,E09000002
Crown Tavern,London,Islington,E09000019
Duchess Of Kent,Holloway,Islington,E09000019
Saxon King,Harold Hill,Havering,E09000016
Vine,London,Camden,E09000007
Sun & Woolpack,Enfield,Enfield,E09000010
Dulwich Beer Dispensary,East Dulwich,Southwark,E09000028
Charlotte Despard,Upper Holloway,Islington,E09000019
Victoria & Albert Bars,London,City of Westminster,E09000033
Old Red Lion,Kennington,Lambeth,E09000022
Railway,Cheam,Sutton,E09000029
Square Tavern,London,Camden,E09000007
Alice House,West Hampstead,Camden,E09000007
Beehive,Brixton,Lambeth,E09000022
Duchy Arms,Kennington,Lambeth,E09000022
eEbria Taproom,Bermondsey (East),Southwark,E09000028
Salsa!,London,City of Westminster,E09000033
Beckton Arms,Royal Docks,Newham,E09000025
Windmill,London,Islington,E09000019
Laurels,Harrow Weald,Harrow,E09000015
Country House,Earlsfield,Wandsworth,E09000032
Jam Tree,Clapham,Lambeth,E09000022
Browns,Isle of Dogs,Tower Hamlets,E09000030
Horseshoe,London,Islington,E09000019
Anthologist,London,City and County of the City of London,E09000001
Burger & Lobster,Isle of Dogs,Tower Hamlets,E09000030
Richard I,Greenwich,Greenwich,E09000011
Old Oak,London,Camden,E09000007
Union Tavern,London,Islington,E09000019
Kings Arms,Hanwell,Ealing,E09000009
Art & Craft CR0,Croydon,Croydon,E09000008
Kings Arms,Bexleyheath,Bexley,E09000004
Callaghans Sports Bar,London,Camden,E09000007
Bosco Lounge,Surbiton,Kingston upon Thames,E09000021
Narrow,Limehouse,Tower Hamlets,E09000030
Oak,Shepherds Bush,Hammersmith and Fulham,E09000013
Dog & Bull,Croydon,Croydon,E09000008
40ft Brewery Tap,Hackney,Hackney,E09000012
Barley Mow,London,City of Westminster,E09000033
Lost Rivers Elephant,London,Southwark,E09000028
Green Man,London,City of Westminster,E09000033
Old Red Lion,London,Islington,E09000019
Plough & Harrow,Welling,Bexley,E09000004
Indo,London,Tower Hamlets,E09000030
Horseshoe,London,Camden,E09000007
Star,Wallington,Sutton,E09000029
Rookery,Clapham,Lambeth,E09000022
Bohemia,North Finchley,Barnet,E09000003
Slug @ Fulham,Fulham,Hammersmith and Fulham,E09000013
Kerridge's Bar & Grill,London,City of Westminster,E09000033
Le Baron,Twickenham,Richmond upon Thames,E09000027
Lore of the Land,London,Camden,E09000007
Old White Horse,London,City of Westminster,E09000033
Cock,Kennington,Lambeth,E09000022
Hoop & Grapes,Fleet Street,City and County of the City of London,E09000001
Gazette,Balham,Wandsworth,E09000032
Morgan,Belvedere,Bexley,E09000004
Star,London,Camden,E09000007
Bricklayers Arms,Sydenham,Lewisham,E09000023
Rose & Crown,Wimbledon,Merton,E09000024
Brown Cow,Fulham,Hammersmith and Fulham,E09000013
Goat,Enfield,Enfield,E09000010
Brewery Market,Twickenham,Richmond upon Thames,E09000027
Bloomsbury Kitchen & Bar,London,Camden,E09000007
Swan,Hammersmith,Hammersmith and Fulham,E09000013
Brewhouse & Kitchen,London,Islington,E09000019
Savannah,London,Camden,E09000007
Stewart Arms,Notting Hill,Kensington and Chelsea,E09000020
Bull Inn,St Paul's Cray,Bromley,E09000006
Hung Drawn & Quartered,London,City and County of the City of London,E09000001
Caraway Lounge,Romford,Havering,E09000016
Gremio De Brixton,Brixton,Lambeth,E09000022
Kings,London,Islington,E09000019
Victoria,London,Southwark,E09000028
Garden Bar & Grill,North Kensington,Kensington and Chelsea,E09000020
J J Moons,Ruislip Manor,Hillingdon,E09000017
Yorkshire Grey,London,Camden,E09000007
Dado54,London,Islington,E09000019
Beech Tree,St Mary Cray,Bromley,E09000006
Drayton Court Hotel,West Ealing,Ealing,E09000009
Horniman at Hay's,London,Southwark,E09000028
Tattershall Castle,London,City of Westminster,E09000033
Royal Albert,New Cross,Lewisham,E09000023
Lucas Arms,London,Camden,E09000007
Fishermans Arms,Harlesden,Ealing,E09000009
Prince of Teck,Earls Court,Kensington and Chelsea,E09000020
Plaquemine Lock,London,Islington,E09000019
La Fonda de Maria,Stockwell,Lambeth,E09000022
Dog & Bell,Deptford,Lewisham,E09000023
White Hart,New Cross,Lewisham,E09000023
Furlong,Muswell Hill,Barnet,E09000003
Old Nick,London,Camden,E09000007
Violet Bar & Grill,Edgware,Harrow,E09000015
Harcourt,London,City of Westminster,E09000033
Moranos,Canons Park,Harrow,E09000015
Davy's,Isle of Dogs,Tower Hamlets,E09000030
Bar One Twenty,Chingford,Waltham Forest,E09000031
Foresters Arms,Welling,Bexley,E09000004
TGI Fridays,Enfield,Enfield,E09000010
Craft Beer Co.,London,Camden,E09000007
Coach & Horses,Beckenham,Bromley,E09000006
Royal Standard,Croydon,Croydon,E09000008
Horse & Stables,London,Lambeth,E09000022
Auld Triangle,Finsbury Park,Islington,E09000019
Railway Hotel,West Wickham,Bromley,E09000006
Bridge House,Goodmayes,Redbridge,E09000026
Kings Head Hotel & Pub,Acton,Ealing,E09000009
Prince of Wales,Brixton,Lambeth,E09000022
Finch's,London,Islington,E09000019
Forest Tavern,Forest Gate,Newham,E09000025
Golden Lion,Bexleyheath,Bexley,E09000004
Green Dragon,Croydon,Croydon,E09000008
Piano Works,London,Islington,E09000019
Cock,London,City of Westminster,E09000033
Harrild & Sons,London,City and County of the City of London,E09000001
Colley Rowe Inn,Collier Row (Romford),Havering,E09000016
Nell of Old Drury,London,City of Westminster,E09000033
Duke of Cambridge,Whitton,Richmond upon Thames,E09000027
Old Bank,Bermondsey (East),Southwark,E09000028
Golden Eagle,London,City of Westminster,E09000033
Prince of Wales,London,Camden,E09000007
Duke Of Wellington,London,Hackney,E09000012
Old Dairy,London,Islington,E09000019
Antwerp Arms,London,Haringey,E09000014
Leadbelly's,Rotherhithe,Southwark,E09000028
White Horse,Beckenham,Bromley,E09000006
Salisbury,London,City of Westminster,E09000033
Lamb,Plaistow,Newham,E09000025
Moon on the Hill,Sutton,Sutton,E09000029
Blue Anchor,Bermondsey (East),Southwark,E09000028
London Wall (Bar & Kitchen),London,City and County of the City of London,E09000001
Smith & Whistle,London,City of Westminster,E09000033
Airlinks Golf Course Bar,Southall,Hounslow,E09000018
Butchers Arms,High Barnet,Barnet,E09000003
Gladstone,Walworth,Southwark,E09000028
Duck & Rice,London,City of Westminster,E09000033
Kings Arms,Bethnal Green,Tower Hamlets,E09000030
Hackney Pearl,Homerton,Hackney,E09000012
Paradise by Way of Kensal Green,North Kensington,Brent,E09000005
Trafalgar Tavern,Greenwich,Greenwich,E09000011
Papermakers Arms,Ilford,Redbridge,E09000026
Draft House Farringdon,London,Islington,E09000019
Cherry Tree,South Norwood,Croydon,E09000008
Hemingway's,Wimbledon,Merton,E09000024
Three Compasses,Hackney,Hackney,E09000012
Milan Bar,Croydon,Croydon,E09000008
Red Lion,Wallington,Sutton,E09000029
North Pole,Greenwich,Greenwich,E09000011
Yacht,Greenwich,Greenwich,E09000011
Turner's Old Star,London,Tower Hamlets,E09000030
Carpenter's Arms,Hammersmith,Hammersmith and Fulham,E09000013
Crown & Sceptre,West Kensington,Kensington and Chelsea,E09000020
Great Northern Railway Tavern,Hornsey,Haringey,E09000014
Burlington Arms,London,City of Westminster,E09000033
Fox & Hounds,Putney,Wandsworth,E09000032
Castle,London,Islington,E09000019
Windsor Castle,Carshalton,Sutton,E09000029
Ping Pong,Wembley,Brent,E09000005
Gate,Richmond,Richmond upon Thames,E09000027
Limehouse,Isle of Dogs,Tower Hamlets,E09000030
Elgin,Notting Hill,Kensington and Chelsea,E09000020
Hackney Carriage,Sidcup,Bexley,E09000004
Hunter S,London,Hackney,E09000012
George & Dragon,Fulham,Hammersmith and Fulham,E09000013
Dove,Hammersmith,Hammersmith and Fulham,E09000013
Brogue,Hanwell,Ealing,E09000009
146 Paddington,Paddington,City of Westminster,E09000033
Gunmakers,London,Camden,E09000007
Amuse Bouche,Fulham,Hammersmith and Fulham,E09000013
Sporting Page,Chelsea,Kensington and Chelsea,E09000020
Ailsa Tavern,Twickenham,Richmond upon Thames,E09000027
Duke Of York,London,City of Westminster,E09000033
Horseshoe,South Harrow,Harrow,E09000015
Red Lion,London,City of Westminster,E09000033
Allsop Arms,London,City of Westminster,E09000033
Company Below,London,City of Westminster,E09000033
Goat Tavern,Kensington,Kensington and Chelsea,E09000020
Elephant & Castle,London,Southwark,E09000028
Olde Watling,London,City and County of the City of London,E09000001
Resident,Bethnal Green,Tower Hamlets,E09000030
Six Bells,Acton,Ealing,E09000009
Lord Moon of the Mall,London,City of Westminster,E09000033
Greyhound,Keston,Bromley,E09000006
Actress,East Dulwich,Southwark,E09000028
Sporting Green,Enfield,Enfield,E09000010
Nicholas Nickleby,Finsbury Park,Haringey,E09000014
Moon Under Water,Norbury,Croydon,E09000008
Randall Tavern,Croydon,Croydon,E09000008
Woody`s,Kingston,Kingston upon Thames,E09000021
Pembroke,Earls Court,Kensington and Chelsea,E09000020
Market Hall Fulham,Fulham,Hammersmith and Fulham,E09000013
Wheatsheaf,London,Southwark,E09000028
Rising Sun,London,City of Westminster,E09000033
Shakespeare,London,City of Westminster,E09000033
White Ferry House,London,City of Westminster,E09000033
Coombe Lodge,Croydon,Croydon,E09000008
White Swan,Deptford,Lewisham,E09000023
Rising Sun,London,Camden,E09000007
Clery's Clock Bar,Kingsbury,Brent,E09000005
Power's Bar,Kingsbury,Brent,E09000005
Hope,West Norwood,Lambeth,E09000022
24 The Oval,Stockwell,Lambeth,E09000022
Elephants Head,London,Camden,E09000007
Grange Tavern,Ealing,Ealing,E09000009
Whole Foods Market,Fulham,Hammersmith and Fulham,E09000013
Mad Hatter,London,Southwark,E09000028
Mug House,London,Southwark,E09000028
Ruislip Social Club,Ruislip,Hillingdon,E09000017
Red Lion,Enfield,Enfield,E09000010
McGlynn's,Kilburn,Brent,E09000005
Jolly Woodman,Beckenham,Bromley,E09000006
Great Western,Hayes,Hillingdon,E09000017
Kings Arms Bar & Hotel,Brentford,Hounslow,E09000018
Royal Oak,Bexleyheath,Bexley,E09000004
Black George,West Ealing,Ealing,E09000009
Cask Pub & Kitchen,London,City of Westminster,E09000033
Bear & Ragged Staff,Crayford,Bexley,E09000004
Sports Bar & Grill,Isle of Dogs,Tower Hamlets,E09000030
Shaftesbury,Richmond,Richmond upon Thames,E09000027
Arcola Bar,Hackney,Hackney,E09000012
Henry's,Kingston,Kingston upon Thames,E09000021
Londesborough,Stoke Newington,Hackney,E09000012
Office,Northolt,Ealing,E09000009
Prince Albert,Twickenham,Richmond upon Thames,E09000027
Black Horse,London,Tower Hamlets,E09000030
Angel,London,Camden,E09000007
Wonder,Enfield,Enfield,E09000010
Volunteer,Plumstead,Greenwich,E09000011
Globe,London,City and County of the City of London,E09000001
Octoberfest Pub,Fulham,Hammersmith and Fulham,E09000013
Waters Edge,Ruislip,Hillingdon,E09000017
Ship,Plumstead,Greenwich,E09000011
All Bar One,London,City of Westminster,E09000033
Beaconsfield,West Kensington,Hammersmith and Fulham,E09000013
Greenwich Pensioner,Poplar,Tower Hamlets,E09000030
Osidge Arms,Southgate,Barnet,E09000003
Cabin,Paddington,City of Westminster,E09000033
Kiss Me Hardy,Colliers Wood,Merton,E09000024
DoubleTree by Hilton Hotel London - West End,London,Camden,E09000007
Che,Holloway,Islington,E09000019
Southwark Brewing Co. Tap Room,London,Southwark,E09000028
Northumberland Arms,London,Camden,E09000007
Jamies,London,City and County of the City of London,E09000001
Duke Of Argyll,London,City of Westminster,E09000033
White Horse,Brixton,Lambeth,E09000022
Steam Wine Bar,London,City and County of the City of London,E09000001
Sheephaven Bay,London,Camden,E09000007
Prince Edward,Homerton,Hackney,E09000012
Wentworth Arms,Bow,Tower Hamlets,E09000030
Albion,London,City and County of the City of London,E09000001
All Bar One,London,City and County of the City of London,E09000001
Joiners Arms,Lewisham,Lewisham,E09000023
McGettigan's,Fulham,Hammersmith and Fulham,E09000013
Lamb & Flag,London,City of Westminster,E09000033
Serpentine Bar & Kitchen,Bayswater,City of Westminster,E09000033
Lino,Barbican,City and County of the City of London,E09000001
Pregnant Man,Chancery Lane,City and County of the City of London,E09000001
Leconfield,Stoke Newington,Islington,E09000019
Golden Lion,Fulham,Hammersmith and Fulham,E09000013
Prospect of Whitby,London,Tower Hamlets,E09000030
John Snow,London,City of Westminster,E09000033
Six Bells at Brentford Lock,Brentford,Hounslow,E09000018
Draughts,Hackney,Hackney,E09000012
Larrik,London,City of Westminster,E09000033
Albion,West Kensington,Hammersmith and Fulham,E09000013
Edward Rayne,Raynes Park,Merton,E09000024
Ivy House,Nunhead,Southwark,E09000028
Grenadier,London,City of Westminster,E09000033
One Bell,Crayford,Bexley,E09000004
Albert Arms,London,Southwark,E09000028
Bull,Shepherds Bush,Hammersmith and Fulham,E09000013
Swan,Hampton Wick,Richmond upon Thames,E09000027
BrewDog,London,Islington,E09000019
Bierschenke,London,City and County of the City of London,E09000001
Bird & Barrel,Bexleyheath,Bexley,E09000004
Maggies Bar,Kensal Rise,Brent,E09000005
Duke of York,London,Southwark,E09000028
Antelope,London,Kensington and Chelsea,E09000020
Blue Orchid,Surbiton,Kingston upon Thames,E09000021
Paternoster,London,City and County of the City of London,E09000001
Railway,Greenford,Ealing,E09000009
Hemingford Arms,London,Islington,E09000019
White Swan,St Mary Cray,Bromley,E09000006
Black Leaf Lounge,Kingsbury,Brent,E09000005
Raynes Park Tavern,Raynes Park,Merton,E09000024
London Apprentice,London,Hackney,E09000012
Park Tavern,Eltham,Greenwich,E09000011
Wright Brothers Oyster & Porter House,London,Southwark,E09000028
London Beer House,London,City of Westminster,E09000033
Affinity Brew Co. Tasting Room,Bermondsey (East),Southwark,E09000028
Duke of Buckingham,Kingston,Kingston upon Thames,E09000021
Flask,Hampstead,Camden,E09000007
Refinery New Street Square,London,City and County of the City of London,E09000001
Avalon,Balham,Wandsworth,E09000032
Walker Briggs,Crystal Palace,Lambeth,E09000022
Wembley Tavern,Wembley,Brent,E09000005
Wheatsheaf,Stoke Newington,Hackney,E09000012
Kosho,Romford,Havering,E09000016
Green Man Hotel,Wembley,Brent,E09000005
Eight Bells,Fulham,Hammersmith and Fulham,E09000013
Tommy Flynn's,Holloway,Islington,E09000019
Tank & Paddle,London,City and County of the City of London,E09000001
Lighterman,Barking,Barking and Dagenham,E09000002
Bo Peep,Chelsfield,Bromley,E09000006
Red House,Plaistow,Newham,E09000025
Pitcher & Piano,Richmond,Richmond upon Thames,E09000027
Queens Arms,London,City of Westminster,E09000033
BrewDog Seven Dials,London,Camden,E09000007
Drayton Arms,South Kensington,Kensington and Chelsea,E09000020
Howling Hops Tap Room,Homerton,Tower Hamlets,E09000030
Thirsty Eddie's,Wembley,Brent,E09000005
City Bar,London,City and County of the City of London,E09000001
Seven Dials Club,London,Camden,E09000007
Silver Cross,London,City of Westminster,E09000033
Swimmer At The Grafton Arms,London,Islington,E09000019
Dragon,London,Hackney,E09000012
Doyles Tavern,Holloway,Islington,E09000019
Albion,London,Islington,E09000019
Charlton Park Rugby Football Club,Kidbrooke,Greenwich,E09000011
Himalayan Club (Bar & Restaurant),Sudbury,Brent,E09000005
Claret Wine Bar,Cheam,Sutton,E09000029
Wags N Tales,Surbiton,Kingston upon Thames,E09000021
Rusty Bike,Bow,Tower Hamlets,E09000030
Monument,London,City and County of the City of London,E09000001
Market Cafe,Hackney,Hackney,E09000012
Royal Oak,London,City of Westminster,E09000033
Castle Tavern,Woolwich,Greenwich,E09000011
Duchess Of Kent,Erith,Bexley,E09000004
Railway Telegraph,Forest Hill,Lewisham,E09000023
Bricklayers Arms,Tottenham,Haringey,E09000014
George & Dragon,Downe,Bromley,E09000006
Rose Pub & Kitchen,New Cross,Lewisham,E09000023
"Olde Mitre Inne, Ye",High Barnet,Barnet,E09000003
Parish,Wembley,Brent,E09000005
Bolingbroke,Battersea,Wandsworth,E09000032
Trafalgar Arms,Tooting,Wandsworth,E09000032
Shanakee,Wealdstone,Harrow,E09000015
Dion,London,City and County of the City of London,E09000001
Ship,City of London,City and County of the City of London,E09000001
Hermits Cave,Camberwell,Southwark,E09000028
Royal Court Cafe Bar & Kitchen,London,Kensington and Chelsea,E09000020
Bloomsbury Street,London,Camden,E09000007
Greenwich Tavern,Greenwich,Greenwich,E09000011
Union Jack,London,Southwark,E09000028
Joiners Arms,South Norwood,Croydon,E09000008
Olde Crowne,Hayes,Hillingdon,E09000017
Habit,London,City and County of the City of London,E09000001
Prince of Wales,Forest Hill,Lewisham,E09000023
7000 Jars of Beer,Kingston,Kingston upon Thames,E09000021
Fox's,Sydenham,Lewisham,E09000023
Calthorpe Arms,London,Camden,E09000007
Old Coffee House,London,City of Westminster,E09000033
Mau Mau,Notting Hill,Kensington and Chelsea,E09000020
Durham Arms,Romford,Havering,E09000016
Purple Flame,Queensbury,Harrow,E09000015
Albion,Rainham,Havering,E09000016
Duke of Wellington,Notting Hill,Kensington and Chelsea,E09000020
Galvanisers Union,Bow,Tower Hamlets,E09000030
Boxbar,Shoreditch,Hackney,E09000012
Sir Christopher Hatton,London,Camden,E09000007
Pasha Kitchen,West Ealing,Ealing,E09000009
Number Ten,Romford,Havering,E09000016
O'Neill's,London,City of Westminster,E09000033
Douglas Fir,Anerley,Bromley,E09000006
Candlemaker,London,City and County of the City of London,E09000001
Prince of Wales,Surbiton,Kingston upon Thames,E09000021
Hamlet,Streatham,Lambeth,E09000022
Mondo Tap House,Battersea,Wandsworth,E09000032
Picture Palace,Ponders End,Enfield,E09000010
Patrick's Bar,Beckenham,Bromley,E09000006
Bell on the Green,Bedfont,Hounslow,E09000018
Saffran,Wembley,Brent,E09000005
White Hart Hotel,Hampton Wick,Richmond upon Thames,E09000027
Signal Box,London,Camden,E09000007
Grapeshots,London,Tower Hamlets,E09000030
Slug & Lettuce,Sutton,Sutton,E09000029
Venue 5,Ruislip,Hillingdon,E09000017
Botanist,Kew,Richmond upon Thames,E09000027
Draft House Westbridge,Battersea,Wandsworth,E09000032
Marlborough Arms,London,Camden,E09000007
Kings Ford,Chingford,Waltham Forest,E09000031
Villages Brewery Taproom,Deptford,Lewisham,E09000023
Be at One,London,City and County of the City of London,E09000001
Junction,Battersea,Wandsworth,E09000032
Captain Kidd,London,Tower Hamlets,E09000030
"Guy, Earl Of Warwick",Welling,Bexley,E09000004
Locker Room,Northwood Hills,Hillingdon,E09000017
Sourced Market,Barbican,Islington,E09000019
Benet Club,Ealing,Ealing,E09000009
Boma Green (Bar & Restaurant),Fulham,Hammersmith and Fulham,E09000013
Wingmans,Kilburn,Camden,E09000007
Elgin,Maida Vale,City of Westminster,E09000033
Blue Junction,Morden,Merton,E09000024
Sportsmans,Harlesden,Brent,E09000005
Waterloo Tap,London,Lambeth,E09000022
Lord Wargrave,London,City of Westminster,E09000033
Life Of Riley,Belmont,Harrow,E09000015
Victoria Inn,Peckham,Southwark,E09000028
King's Head,Fulham,Hammersmith and Fulham,E09000013
Cock & Woolpack,London,City and County of the City of London,E09000001
William Webb Ellis,Twickenham,Richmond upon Thames,E09000027
East way,London,City and County of the City of London,E09000001
Fox & Hounds,Battersea,Wandsworth,E09000032
Three Tuns,London,City and County of the City of London,E09000001
Knowles of Norwood,London,Lambeth,E09000022
Angel In The Fields,London,City of Westminster,E09000033
House of Hammerton,London,Islington,E09000019
Thirsty Bear,London,Southwark,E09000028
Ubrew Brewery Tap Room,Bermondsey (East),Southwark,E09000028
Beer Merchants Tap,Hackney Wick,Hackney,E09000012
Parlour,Isle of Dogs,Tower Hamlets,E09000030
George,London,Camden,E09000007
H G Wells,Worcester Park,Sutton,E09000029
Hamilton Hall,Liverpool Street,City and County of the City of London,E09000001
Beefeater,Hayes,Hillingdon,E09000017
Slug & Lettuce,Croydon,Croydon,E09000008
Beehive,Brentford,Hounslow,E09000018
Wheatsheaf,London,Camden,E09000007
Best Western Palm Hotel,Cricklewood,Barnet,E09000003
Bull,Woolwich,Greenwich,E09000011
Rylston,Fulham,Hammersmith and Fulham,E09000013
Newman Arms,London,City of Westminster,E09000033
Cuckfield,Wanstead,Redbridge,E09000026
Windmill on the Common,Clapham,Lambeth,E09000022
Gabeto,London,Camden,E09000007
Rose Inn,Plumstead,Greenwich,E09000011
Pyrotechnists Arms,Nunhead,Southwark,E09000028
Lighterman,King's Cross,Camden,E09000007
One Bourbon Tavern,West Hampstead,Camden,E09000007
O'Donnell's,South Harrow,Harrow,E09000015
Fino's Wine Bar,London,City of Westminster,E09000033
Goose Island Brewpub,London,Hackney,E09000012
Olde Clock Tower,Croydon,Croydon,E09000008
Salt Bar,South Harrow,Harrow,E09000015
Slug & Lettuce,London,City of Westminster,E09000033
Duke's Head,Crayford,Bexley,E09000004
Three Kings,London,Islington,E09000019
Masons Arms,London,City of Westminster,E09000033
North Star Tavern,London,Camden,E09000007
Springfield Bar & Grill,New Southgate,Haringey,E09000014
Pavilion,Shepherds Bush,Hammersmith and Fulham,E09000013
Lighthouse,Bow,Tower Hamlets,E09000030
Ram,Kingston,Kingston upon Thames,E09000021
St Brides Tavern,London,City and County of the City of London,E09000001
Belgo Holborn,London,Camden,E09000007
Duke of Cornwall,Hammersmith,Hammersmith and Fulham,E09000013
Oakwood Tavern,Southgate,Enfield,E09000010
Station Hotel,Hither Green,Lewisham,E09000023
Slug & Lettuce,London,Tower Hamlets,E09000030
Old Fields,Wandsworth,Wandsworth,E09000032
Hudson Bay,Forest Gate,Newham,E09000025
Hare & Hounds,Leyton,Waltham Forest,E09000031
Tank & Paddle,London,City and County of the City of London,E09000001
Coach & Horses,Stoke Newington,Hackney,E09000012
Wolf,Norwood Green,Ealing,E09000009
Duke of York,London,City of Westminster,E09000033
Junction,Upminster,Havering,E09000016
Waterside Inn,Fulham,Hammersmith and Fulham,E09000013
Alma,Crystal Palace,Bromley,E09000006
Cat & Fiddle,West Drayton,Hillingdon,E09000017
Great Harry,Belvedere,Bexley,E09000004
Hare & Hounds,Greenford,Ealing,E09000009
Flannery's Bar,Wembley,Brent,E09000005
Wallington Arms,Wallington,Sutton,E09000029
TJ's Sports Bar,Wealdstone,Harrow,E09000015
All Bar One,London,City of Westminster,E09000033
Angel,London,Islington,E09000019
Ice Wharf,London,Camden,E09000007
Upminster TapRoom,Upminster,Havering,E09000016
Dirty Dicks,London,City and County of the City of London,E09000001
Old Bell,London,City and County of the City of London,E09000001
Boxpark Wembley,Wembley Park,Brent,E09000005
Gipsy Hill Tavern,Gipsy Hill,Lambeth,E09000022
Fountains Abbey,Paddington,City of Westminster,E09000033
Tigers Head,Chislehurst,Bromley,E09000006
White Swan,Richmond,Richmond upon Thames,E09000027
Anchor & Hope,Charlton,Greenwich,E09000011
Masons Arms,Battersea,Wandsworth,E09000032
Blackstock,Finsbury Park,Islington,E09000019
Havelock Tavern,West Kensington,Hammersmith and Fulham,E09000013
Nag's Head,Walthamstow,Waltham Forest,E09000031
Bottle Shop,London,Southwark,E09000028
Eden Park,Eden Park,Bromley,E09000006
Willoughby Arms,Kingston,Kingston upon Thames,E09000021
Northumberland Arms,London,Camden,E09000007
Great Spoon Of Ilford,Ilford,Redbridge,E09000026
Who'd 'a' Thought It,Plumstead,Greenwich,E09000011
Windsor,Peckham,Southwark,E09000028
Royal Sovereign,Clapton,Hackney,E09000012
Rose & Crown,Tooting,Wandsworth,E09000032
Station House,Acton,Ealing,E09000009
Victoria,London,City of Westminster,E09000033
Festio,Palmers Green,Enfield,E09000010
Prince of Wales,Kensington,Kensington and Chelsea,E09000020
Frankie & Benny's,Uxbridge,Hillingdon,E09000017
Shoreditch,London,Hackney,E09000012
Camel & Artichoke,London,Lambeth,E09000022
Tankard,Kennington,Lambeth,E09000022
Craft Beer Co.,Limehouse,Tower Hamlets,E09000030
Bricklayer's Arms,London,Hackney,E09000012
Fox Inn,Keston,Bromley,E09000006
Wigmore,London,City of Westminster,E09000033
Eaglet,Holloway,Islington,E09000019
Arkley (Village Inn & Dining),High Barnet,Barnet,E09000003
Holiday Inn,Sutton,Sutton,E09000029
White Hart,Harlington,Hillingdon,E09000017
House of Tippler,East Dulwich,Southwark,E09000028
Speaker,London,City of Westminster,E09000033
Queen Charlotte,London,Camden,E09000007
Owl & Hitchhiker,London,Islington,E09000019
Crown & Pepper,Croydon,Croydon,E09000008
Moby Dick,Rotherhithe,Southwark,E09000028
Five Bells,East Finchley,Barnet,E09000003
Nambucca,Holloway,Islington,E09000019
El Vino (Masons Avenue),London,City and County of the City of London,E09000001
Keg & Grill,Croydon,Croydon,E09000008
Leinster Arms,Bayswater,City of Westminster,E09000033
Waddon,Croydon,Croydon,E09000008
Dalston Superstore,Hackney,Hackney,E09000012
One Tun,London,Camden,E09000007
Garratt Tavern,Wandsworth,Wandsworth,E09000032
Shaw's Booksellers,London,City and County of the City of London,E09000001
Kings Arms,London,Lambeth,E09000022
Drill,Gidea Park,Havering,E09000016
Mayfair Tavern,Tooting,Wandsworth,E09000032
Hand & Shears,London,City and County of the City of London,E09000001
O'Neill's,London,Camden,E09000007
Crown,London,Camden,E09000007
Hop & Rye,Bromley,Bromley,E09000006
Watchman,New Malden,Kingston upon Thames,E09000021
Beehive,London,Hackney,E09000012
Duke Of York,London,City of Westminster,E09000033
Long Arm Pub & Brewery,London,Islington,E09000019
Drapers Arms,London,Islington,E09000019
Princess Victoria,Kensington,Kensington and Chelsea,E09000020
Montpelier,Peckham,Southwark,E09000028
Suttons Radio,Lewisham,Lewisham,E09000023
Bread Street Kitchen & Bar,London,City and County of the City of London,E09000001
No 1 Duke Street,Richmond,Richmond upon Thames,E09000027
Alphabet,London,Islington,E09000019
UKAI,Notting Hill,Kensington and Chelsea,E09000020
Earls Court Tavern,Earls Court,Kensington and Chelsea,E09000020
Royal Oak,London,City of Westminster,E09000033
Riverfront Bar,London,Lambeth,E09000022
Lambo Bar & Restaurant,Cricklewood,Barnet,E09000003
Walnut Tree,Leytonstone,Waltham Forest,E09000031
Earl of Chatham,Woolwich,Greenwich,E09000011
Scream Lounge,Croydon,Croydon,E09000008
Montague Arms,Peckham,Lewisham,E09000023
Albion,Kingston,Kingston upon Thames,E09000021
Queen's Head,Stockwell,Lambeth,E09000022
Lock Tavern,London,Camden,E09000007
Smokehouse,London,Islington,E09000019
Ashburnham Arms,Greenwich,Greenwich,E09000011
Stag,Battersea,Wandsworth,E09000032
George Staples,Blackfen,Bexley,E09000004
Ekcovision,Brixton,Lambeth,E09000022
Britannia,London,Southwark,E09000028
Five Bells,Streatham,Lambeth,E09000022
Oval Tavern,Croydon,Croydon,E09000008
Shakespeare,Stoke Newington,Hackney,E09000012
Cherry Tree,East Dulwich,Southwark,E09000028
Halfway House,Earlsfield,Wandsworth,E09000032
Inn 1888,London,City of Westminster,E09000033
Fable,London,City and County of the City of London,E09000001
River Ale House,Greenwich,Greenwich,E09000011
Grand Junction Arms,Harlesden,Brent,E09000005
Gio's Bar,Hounslow,Hounslow,E09000018
Pawleyne Arms,Penge,Bromley,E09000006
Distillery,Notting Hill,Kensington and Chelsea,E09000020
Cross Lances,Hounslow,Hounslow,E09000018
Swan & Bottle,Uxbridge,Hillingdon,E09000017
Queens Theatre (Greene Room),Hornchurch,Havering,E09000016
Harrow,Harrow,Harrow,E09000015
Elements,Greenwich,Greenwich,E09000011
Perky Nel,Clapham,Lambeth,E09000022
Wells,London,Camden,E09000007
Grosvenor,Hanwell,Ealing,E09000009
Orchard,Ruislip,Hillingdon,E09000017
Refectory,Golders Green,Barnet,E09000003
Ridgeway,Enfield,Enfield,E09000010
Hagen & Hyde,Balham,Wandsworth,E09000032
New Inn,Burnt Oak,Brent,E09000005
Shirley Inn,Croydon,Croydon,E09000008
Fizz Sports Bar,Kenton,Brent,E09000005
Mabel's,London,City of Westminster,E09000033
Clarkshaw Tap Room,Loughborough Junction,Lambeth,E09000022
Virgin Queen,Bethnal Green,Hackney,E09000012
Thatched House,Cranham,Havering,E09000016
Duke of Sussex,London,Lambeth,E09000022
Night & Day,London,Camden,E09000007
Brockley Jack,Brockley,Lewisham,E09000023
Royal Oak,Barking,Barking and Dagenham,E09000002
Three Magpies,Heathrow,Hillingdon,E09000017
Draft House,Hammersmith,Hammersmith and Fulham,E09000013
Prince of Wales,London,City of Westminster,E09000033
Britannia,Stratford,Newham,E09000025
Off Broadway,Hackney,Hackney,E09000012
Moon Under Water,Colindale,Barnet,E09000003
Lord Herbert,Plumstead,Greenwich,E09000011
Lord Clyde,Hounslow,Hounslow,E09000018
Tap On The Line,Kew,Richmond upon Thames,E09000027
Army & Navy,Plaistow,Newham,E09000025
Victory,Bethnal Green,Tower Hamlets,E09000030
Two Brewers,Tottenham,Haringey,E09000014
Eagle,Wanstead,Redbridge,E09000026
Hen & Chickens,London,Islington,E09000019
Kilburn Arms,London,Brent,E09000005
Goose,Romford,Havering,E09000016
Olde Red Lion,Cheam,Sutton,E09000029
Metropolitan,Uxbridge,Hillingdon,E09000017
Oyster Shed,London,City and County of the City of London,E09000001
Nellie Dean of Soho,London,City of Westminster,E09000033
Old Tea Warehouse,London,City and County of the City of London,E09000001
De Burgh Arms,Yiewsley,Hillingdon,E09000017
Oliver Conquest,London,Tower Hamlets,E09000030
Winsor House,East Ham,Newham,E09000025
Rocket,London,Camden,E09000007
Italian Job,Notting Hill,Kensington and Chelsea,E09000020
Kenley Hotel,Kenley,Croydon,E09000008
Old Brewery,Greenwich,Greenwich,E09000011
Sync,Pinner,Harrow,E09000015
Blueberry Bar & Kitchen,London,Hackney,E09000012
Griffin,Whetstone,Barnet,E09000003
Whistler's Bar,Croydon,Croydon,E09000008
Lyric Hammersmith Bar & Grill,Hammersmith,Hammersmith and Fulham,E09000013
Marriott Hotel,Bexleyheath,Bexley,E09000004
Jolly Gardeners,Mortlake,Richmond upon Thames,E09000027
Earl Ferrers,Streatham,Lambeth,E09000022
London Apprentice,Isleworth,Hounslow,E09000018
Whippet Inn,Kensal Rise,Brent,E09000005
Old Ale Emporium,Finsbury Park,Haringey,E09000014
Steam Engine,London,Lambeth,E09000022
Druids Head,Kingston,Kingston upon Thames,E09000021
Rye,Peckham,Southwark,E09000028
McGlynn's,London,Camden,E09000007
Gloucester Arms,South Kensington,Kensington and Chelsea,E09000020
Bull,London,City and County of the City of London,E09000001
Hungerford Arms,London,Tower Hamlets,E09000030
Porcupine,London,City of Westminster,E09000033
Salvador & Amanda,London,City of Westminster,E09000033
Trinity,London,Southwark,E09000028
Tooting Tram & Social,Tooting,Wandsworth,E09000032
Leefe Robinson VC,Harrow Weald,Harrow,E09000015
Sir John Balcombe,London,City of Westminster,E09000033
Guard House,Woolwich,Greenwich,E09000011
Squares,London,City of Westminster,E09000033
Glasshouse,New Malden,Kingston upon Thames,E09000021
Hare & Hounds,Croydon,Croydon,E09000008
Brick Brewery Tap Room,Peckham,Southwark,E09000028
Ku Bar,London,City of Westminster,E09000033
Merchant of Battersea,Battersea,Wandsworth,E09000032
Haggerston,Hackney,Hackney,E09000012
Experiment,Hackney,Hackney,E09000012
Old Bell,Kilburn,Camden,E09000007
Railway Bell,Gipsy Hill,Lambeth,E09000022
Shawl,South Harrow,Harrow,E09000015
Tamara Lounge,Hillingdon,Hillingdon,E09000017
Sun Tavern,London,City of Westminster,E09000033
City Boot,London,City and County of the City of London,E09000001
Three Horseshoes,Feltham,Hounslow,E09000018
Akari,London,Islington,E09000019
Cumberland Arms,West Kensington,Hammersmith and Fulham,E09000013
County Hotel,Woodford Green,Waltham Forest,E09000031
Crown & Anchor,London,Camden,E09000007
Railway Tavern,Sydenham,Lewisham,E09000023
Belgo,Bromley,Bromley,E09000006
Salutation,Hammersmith,Hammersmith and Fulham,E09000013
O'Briens,West Ealing,Ealing,E09000009
Grapes,Limehouse,Tower Hamlets,E09000030
Commercial Tavern,Spitalfields,Tower Hamlets,E09000030
Pilots,Heathrow Airport,Hillingdon,E09000017
Lowlander,London,City of Westminster,E09000033
Holland Tringham,Streatham,Lambeth,E09000022
Holborn Whippet,London,Camden,E09000007
Rivington Bar Grill,London,Hackney,E09000012
Duck In The Pond,Harrow Weald,Harrow,E09000015
Jamesons,Queensbury,Harrow,E09000015
Natural Kitchen (Trinity Square),London,City and County of the City of London,E09000001
Ship,Mortlake,Richmond upon Thames,E09000027
Lexington,London,Islington,E09000019
Rincon bar espanol,Richmond,Richmond upon Thames,E09000027
Marlborough,Richmond,Richmond upon Thames,E09000027
Duke's Head,Putney,Wandsworth,E09000032
Crown & Two Chairmen,London,City of Westminster,E09000033
George,London,Southwark,E09000028
Thirsty Dragon,Greenwich,Greenwich,E09000011
Lucky Seven,Cricklewood,Barnet,E09000003
Beehive,Walworth,Southwark,E09000028
Bush Hill Park,Enfield,Enfield,E09000010
Charlotte,London,Southwark,E09000028
Ship,Rotherhithe,Southwark,E09000028
Leigham Well,Streatham,Lambeth,E09000022
Earl Of Camden,London,Camden,E09000007
Old Bull & Bush,Hampstead,Camden,E09000007
Players,West Ealing,Ealing,E09000009
Hanover Arms,Kennington,Lambeth,E09000022
Pavilion,Sydenham,Lewisham,E09000023
Maple Leaf,London,City of Westminster,E09000033
Gregorian,Bermondsey (East),Southwark,E09000028
Duke,Richmond,Richmond upon Thames,E09000027
Red Lion,Barnes,Richmond upon Thames,E09000027
Dolphin,Sydenham,Lewisham,E09000023
Queens Head,Hammersmith,Hammersmith and Fulham,E09000013
Highbury Barn,London,Islington,E09000019
Hope,Peckham,Southwark,E09000028
Woodhouse,North Finchley,Barnet,E09000003
Sultan,Brixton,Lambeth,E09000022
Fox on the Green,London,Islington,E09000019
Craft & Courage,Upper Norwood,Croydon,E09000008
Duke,Deptford,Greenwich,E09000011
Punch Tavern,London,City and County of the City of London,E09000001
Exmouth Arms,Clerkenwell,Islington,E09000019
Hoxton Grill,London,Hackney,E09000012
Doric Arch,London,Camden,E09000007
Plough,Ealing,Ealing,E09000009
Suburb SW11,Battersea,Wandsworth,E09000032
Lounge 33,London,Camden,E09000007
Simmons,London,City of Westminster,E09000033
Tyme On The Waterfront,Northolt,Ealing,E09000009
Library,London,Islington,E09000019
Olde London,London,City and County of the City of London,E09000001
Copper Tap,Peckham,Southwark,E09000028
Draft House Chancery,London,City and County of the City of London,E09000001
Ten Bells,London,Tower Hamlets,E09000030
Prince George,Thornton Heath,Croydon,E09000008
Wickham Arms,Brockley,Lewisham,E09000023
Flavours,Edgware,Barnet,E09000003
Queens,Hornsey,Haringey,E09000014
Portobello House,North Kensington,Kensington and Chelsea,E09000020
Ordnance,Woolwich,Greenwich,E09000011
Grim's Dyke Hotel,Harrow Weald,Harrow,E09000015
Clock House,Teddington,Richmond upon Thames,E09000027
Treehouse,Croydon,Croydon,E09000008
Shakespeares Head,London,Islington,E09000019
Beduin,London,Islington,E09000019
Winning Post,Sutton,Sutton,E09000029
Victoria,Hackney,Hackney,E09000012
New Moon,Tottenham,Haringey,E09000014
White Horse,Harrow,Harrow,E09000015
General Havelock,Ilford,Redbridge,E09000026
George & Monkey,London,Islington,E09000019
Whispering Moon,Wallington,Sutton,E09000029
All Bar One,London,City and County of the City of London,E09000001
Clachan,London,City of Westminster,E09000033
Red Lion,Woolwich,Greenwich,E09000011
City Of Quebec,London,City of Westminster,E09000033
Fat Walrus,New Cross,Lewisham,E09000023
Wheatsheaf,Tooting,Wandsworth,E09000032
Fox & Goose,Ealing,Ealing,E09000009
Farr's school of Dancing,Hackney,Hackney,E09000012
Beaten Docket,Cricklewood,Camden,E09000007
Three Compasses,London,Islington,E09000019
White Swan,London,City of Westminster,E09000033
Candlemaker,Battersea,Wandsworth,E09000032
Clarendon Arms,Camberwell,Southwark,E09000028
Crown Inn,Chislehurst,Bromley,E09000006
Beefeater,Uxbridge,Hillingdon,E09000017
O'Grady's Irish Bar,Seven Kings,Redbridge,E09000026
Queens,London,Camden,E09000007
All Bar One,London,Hackney,E09000012
Roebuck,Hampstead,Camden,E09000007
Unicorn,London,Camden,E09000007
Famous Cock Tavern,London,Islington,E09000019
Shop,Kensal Rise,Brent,E09000005
Finchley Cricket Club,Finchley,Barnet,E09000003
Belushi's,London,Southwark,E09000028
Simmons,London,Camden,E09000007
Simmons,London,Camden,E09000007
Garratt & Gauge,Wimbledon,Merton,E09000024
Orange Tree,Richmond,Richmond upon Thames,E09000027
