Fiscal Year,Organization Name,Project Name,City,Province,Project Type
2017-2018,Peterborough New Dance and Performance,Public Energy Season 2017-2018,Peterborough,Ontario,Series
2017-2018,Bulkley Valley Concert Association,Bulkley Valley Concert Association's Season - Multi Year (2 of 2),Smithers,British Columbia,Series
2017-2018,ComitÃ© de la Culture de Cowansville inc.,Sur la scÃ¨ne Davignon On Stage - Multi Year (1 of 2),Cowansville,Quebec,Series
2016-2017,Jazz East Rising Association,Halifax Jazz Festival and Series 2015 & 2016 - Multi Year (2 of 2),Halifax,Nova Scotia,Festival & Series
2017-2018,Kirkland Lake Children's Entertainment Series,Kirkland Lake Family Entertainment Series 2017-2018 Season,Kirkland Lake,Ontario,Series
2017-2018,Gas Station Arts Centre Inc.,Winnipeg Comedy Festival - Multi Year (1 of 2),Winnipeg,Manitoba,Festival
2016-2017,Brian Webb Dance Company (The),BWDC 2015/16&2016/17 Seasons - Multi Year (2 of 2),Edmonton,Alberta,Series
2017-2018,Mission Folk Music Festival Society,Mission Folk Music Festival - Multi Year (2 of 2),Mission,British Columbia,Festival
2016-2017,Groupe Danse Partout inc. (Le),Saisons 2015-2016 et 2016-2017 - Multi Year (2 of 2),Quebec,Quebec,Series
2017-2018,Amis du thÃ©Ã¢tre Belcourt (Les),ThÃ©Ã¢tre Belcourt 2017 et 2018 - Multi Year (1 of 2),Baie-du-Febvre,Quebec,Series
2017-2018,Vancouver Society for Early Music,Vancouver Early Music Festival & Early Music Vancouver Concert Season - Multi Year (1 of 4),Vancouver,British Columbia,Festival & Series
2016-2017,Francis Winspear Centre for Music,Live at the Winspear - Mutli Year (1 of 2),Edmonton,Alberta,Festival & Series
2017-2018,Vancouver Folk Music Festival Society (The),Vancouver Folk Music Festival - Multi Year (1 of 4),Vancouver,British Columbia,Festival & Series
2016-2017,Eastern Labrador Arts Alliance Inc.,Lawrence O'Brien Arts Centre - Multi Year (2 of 2),Happy Valley-Goose Bay,Newfoundland and Labrador,Series
2017-2018,Island Arts Centre Society,ArtSpring Presents - Multi Year (2 of 2),Salt Spring Island,British Columbia,Series
2016-2017,Ontario Campus & Community Impresarios,Strengths-Based Development of Ontario's Arts Presentation Sector - Multi Year (1 of 2),Toronto,Ontario,Presenters Support Organization
2016-2017,RÃ©seau ScÃ¨nes,Demande biennale 2015-2017 de RS - Multi Year (2 of 2),MontrÃ©al,Quebec,Presenters Support Organization
2016-2017,Theatre Direct Canada,WeeFestival 2016 - Theatre and Culture for Early Years,Toronto,Ontario,Festival
2017-2018,Vancouver East Cultural Centre (The),2016/17 and 2017/18 Seasons - Multi Year (2 of 2),Vancouver,British Columbia,Series
2016-2017,Canadian Chamber Academy,Music Niagara 2016-2018 - Multi Year (1 of 2),Niagara-on-the-Lake,Ontario,Festival
2017-2018,Live Art Productions Society,Dance Season for 2016/17 and  2017/18 - Multi Year (2 of 2),Halifax,Nova Scotia,Series
2017-2018,Bravo Niagara! Festival of the Arts,Bravo Niagara! 2017/18 Season: North Star Freedom Festival and Bravo Winter!,Niagara-on-the-Lake,Ontario,Festival & Series
2017-2018,Carrefour francophone de Sudbury (Le),12e et 13e saisons de La Slague du Carrefour francophone - Multi Year (1 of 2),Sudbury,Ontario,Series
2017-2018,March Hare Inc. (The),March Hare 2017 and March Hare 2018 - Multi Year (1 of 2),Corner Brook,Newfoundland and Labrador,Festival
2017-2018,Corporation of the City of St. Catharines (The),FirstOntario Performing Arts Centre -HOT TICKET Presentation Series & Film House Program - Multi Year (1 of 3),St. Catharines,Ontario,Series
2016-2017,Winnipeg Centennial Folk Festival Inc.,Winnipeg Folk Festival - Multi Year (1 of 2),Winnipeg,Manitoba,Festival & Series
2017-2018,Belle-Alliance LtÃ©e (La),"EnracinÃ©s,...nous sommes! - Multi Year (2 of 2)",Summerside,Prince Edward Island,Series
2017-2018,Kinetic Studio Society,Kinetic Studio Series,Halifax,Nova Scotia,Series
2016-2017,Regina Folk Festival Inc.,"Regina Folk Festival, Regina Folk Festival Concert Series, Regina Folk Festival Workshop Series and RFF Winterfest - Multi Year (1 of 2)",Regina,Saskatchewan,Festival & Series
2017-2018,Festival Classica,Festival Classica 7iÃ¨me Ã©dition,Saint-Lambert,Quebec,Festival
2016-2017,Geraldton Children's Entertainment Series Inc.,Geraldton Children's Entertainment Series,Geraldton,Ontario,Series
2016-2017,Guelph Jazz Festival (The),Guelph Jazz Festival and Colloquium; Guelph Jazz Links - Multi Year (1 of 2),Guelph,Ontario,Festival & Series
2016-2017,Festival International de Jardins,16e et 17e Ã©ditions du Festival international de jardins - Multi Year (2 of 2),Grand-MÃ©tis,Quebec,Festival
2016-2017,Vancouver Folk Music Festival Society (The),Concerts and the Vancouver Folk Music Festival - Multi Year (2 of 2),Vancouver,British Columbia,Festival
2016-2017,RÃ©seau indÃ©pendant des diffuseurs d'Ã©vÃ©nements artistiques unis (RIDEAU) inc.,Appui structurant pour une diffusion professionnelle et diversifiÃ©e au Canada - Multi Year (1 of 2),MontrÃ©al,Quebec,Presenters Support Organization
2016-2017,Rencontre ThÃ©Ã¢tre Ados (La),Festival de thÃ©Ã¢tre de crÃ©ation - Multi Year (2 of 2),Laval,Quebec,Festival
2017-2018,ThÃ©Ã¢tre La Chapelle inc.,Programmation 2017-2018 Ã  2019-2020 - Multi Year (1 of 3),MontrÃ©al,Quebec,Series
2017-2018,Usine C,Saison 2016-2017 et Saison 2017-2018 - Multi Year (2 of 2),MontrÃ©al,Quebec,Series
2017-2018,New Trad Society (The),Re-Jigged Festival,Halifax,Nova Scotia,Festival
2016-2017,ThÃ©Ã¢tre du Marais de Val-Morin,Programmation 2016-2017 et 2017-2018 - Multi Year (1 of 2),Val-Morin,Quebec,Series
2017-2018,Port Hope Jazz Inc.,All Canadian Jazz Port Hope - Multi Year (2 of 2),Port Hope,Ontario,Festival
2017-2018,Celtic Colours Festival Society,Celtic Colours International Festival - Multi Year (2 of 2),Sydney,Nova Scotia,Festival
2017-2018,Camrose Performing Arts Centre Management Council,Presentation Season,Camrose,Alberta,Series
2016-2017,Southern Currents Film and Video Collective / Corrientes del sur collective de cine y video,aluCine Latin Film+Media Arts Festival 16th Anniversary,Toronto,Ontario,Festival
2017-2018,Presentation House Cultural Society,PH Theatre Presenting Series,North Vancouver,British Columbia,Series
2017-2018,Orford Musique,Festival Orford - Multi Year (2 of 2),Orford,Quebec,Festival
2016-2017,Festival du Jamais Lu,15e et 16e Festival du Jamais Lu - Multi Year (1 of 2),MontrÃ©al,Quebec,Festival
2017-2018,Vancouver Poetry House Society,Verses Festival of Words - Multi Year (2 of 2),Vancouver,British Columbia,Festival
2016-2017,Friends of the Northern Alberta International Children's Festival Society (The),2016-2017 Northern Alberta International Children's Festival - Multi Year (1 of 2),St. Albert,Alberta,Festival
2016-2017,Corporation du centre culturel de Gatineau,Programmation pluridisciplinaire pour la salle OdyssÃ©e - Multi Year (1 of 2),Gatineau,Quebec,Series
2016-2017,Festival des arts de Saint-Sauveur,25e Anniversaire du FASS - Multi Year (1 of 2),Saint-Sauveur,Quebec,Festival
2016-2017,Winterset in Summer inc.,Winterset in Summer Literary Festival - Multi Year (1 of 2),Eastport,Newfoundland and Labrador,Festival
2016-2017,Whitehorse Concerts,Classical Currents - Multi Year (1 of 2),Whitehorse,Yukon,Series
2016-2017,Island Arts Centre Society,ArtSpring Presents - Multi Year (1 of 2),Salt Spring Island,British Columbia,Series
2017-2018,Dance Matters Dance Productions,Dance Matters - Multi Year (2 of 2),Toronto,Ontario,Series
2017-2018,"West End Cultural Centre, Inc. (The)",Building Bridges: Culture and Community - Multi Year (2 of 2),Winnipeg,Manitoba,Series
2017-2018,Northern Saskatchewan International Children's Festival Inc.,"Northern Saskatchewan International Children's Festival, 2017 - Bridges",Saskatoon,Saskatchewan,Festival
2017-2018,Fredericton Playhouse Inc.,Spotlight Series - Multi Year (2 of 2),Fredericton,New Brunswick,Series
2017-2018,Festival Zoofest,9e Ã©dition du Festival Zoofest,MontrÃ©al,Quebec,Festival
2017-2018,Dawson City Arts Society,KIAC Performing Arts Series - Multi Year (2 of 2),Dawson City,Yukon,Series
2017-2018,Sage Theatre Society,The IGNITE! Festival for Emerging Artists - Multi Year (1 of 2),Calgary,Alberta,Festival
2017-2018,Canadian Network of Dance Presenters Candance / Candanse RÃ©seau canadien des diffuseurs de danse,The CanDance Network - Multi Year (2 of 2),Toronto,Ontario,Presenters Support Organization
2016-2017,Vancouver Asian Canadian Theatre,MSG Theatre Play Development Program,Vancouver,British Columbia,Festival
2017-2018,Northern Lights Bluegrass and Old Tyme Music Society Inc.,12th Annual Northern Lights Bluegrass and Old Tyme Music Festival - Multi Year (1 of 4),Saskatoon,Saskatchewan,Festival
2017-2018,Festival TransAmÃ©riques,FESTIVAL TRANSAMÃRIQUES | ÃDITIONS 2016 - 2017 - Multi Year (2 of 2),MontrÃ©al,Quebec,Festival
2017-2018,Hillside Community Festival of Guelph,"The Hillside Festivals, Summer & Winter",Guelph,Ontario,Festival
2016-2017,Halifax Comedy Festival Society,Halifax ComedyFest - Multi Year (2 of 2),Halifax,Nova Scotia,Festival
2016-2017,Southside Shuffle Blues and Jazz Festival,Music Festival (Blues & Jazz) - Multi Year (1 of 2),Mississauga,Ontario,Festival & Series
2016-2017,Carleton-Victoria Arts Council Inc.,Carleton Victoria Performing Arts Series 2015-16 and 2016-17 - Multi Year (2 of 2),Perth-Andover,New Brunswick,Series
2016-2017,Town of Georgetown,King's Playhouse,Georgetown,Prince Edward Island,Festival & Series
2016-2017,Festival International du Rire,Festival Grand Rire 2015 et 2016 - Multi Year (2 of 2),Quebec,Quebec,Festival & Series
2016-2017,New Adventures in Sound Art,2016-2018 New Adventures in Sound Art Presentation Programming  - Multi Year (1 of 2),Toronto,Ontario,Festival
2016-2017,Gwaandak Theatre Society,Made in the Yukon at Magnetic Theatre Festival,Whitehorse,Yukon,Series
2017-2018,Culture for Kids in the Arts,Kinderfest,Hamilton,Ontario,Series
2017-2018,SociÃ©tÃ© culturelle de Vanier (La),Centre d'art La Chapelle 2017-2018 et 2018-2019 - Multi Year (1 of 2),Quebec,Quebec,Series
2017-2018,Made in BC - Dance on Tour Society,Made in BC - Dance on Tour - Multi Year (1 of 3),Vancouver,British Columbia,Presenters Support Organization
2016-2017,Edmonton Chamber Music Society (The),Summer Solstice Music Festival,Edmonton,Alberta,Festival
2016-2017,Festival franco-ontarien (2006) inc.,FFO 2016 - Hommage aux pÃ¨res de la ConfÃ©dÃ©ration / FFO 2017 - 150 ans Ã§a se fÃªte - Multi Year (1 of 2),Ottawa,Ontario,Festival
2016-2017,Cowichan Folk Guild,"Examining Canadian Culture Through Folk Music - Multi Year (2 of 2)
 - Multi Year (2 of 2)",Duncan,British Columbia,Festival & Series
2017-2018,Concerts Ponticello (Les),"Saison 2017-2018, Saison 2018-2019, Saison 2019-2020 et Saison 2020-2021 - Multi Year (1 of 4)",Gatineau,Quebec,Series
2016-2017,Canada Dance Festival Society,Canada Dance Festival,Ottawa,Ontario,Festival
2016-2017,Canadian Arts Presenters Association / L'association canadienne des organismes artistiques (CAPACOA),CAPACOA 2016-2018 - Multi Year (1 of 2),Ottawa,Ontario,Presenters Support Organization
2016-2017,Saskatchewan Jazz Festival Inc.,SaskTel Saskatchewan Jazz Festival - Multi Year (2 of 2),Saskatoon,Saskatchewan,Festival
2017-2018,High River Gift of Music Society,Classical Music in Rural Alberta,High River,Alberta,Series
2017-2018,UniversitÃ© de Sherbrooke / Centre culturel,Diffusion pluridisciplinaire - Multi Year (2 of 2),Sherbrooke,Quebec,Series
2017-2018,SociÃ©tÃ© culturelle des Hauts-Plateaux Inc.,Voyager en culture !  - Multi Year (1 of 3),Saint-Quentin,New Brunswick,Series
2016-2017,City of Fort Saskatchewan,2016-2017 and 2017-18 Shell Theatre Performance Series - Multi Year (1 of 2),Fort Saskatchewan,Alberta,Series
2017-2018,Royal Manitoba Theatre Centre Inc.,2016 & 2017 Winnipeg Fringe Theatre Festival - Multi Year (2 of 2),Winnipeg,Manitoba,Festival
2016-2017,Canada's Walk of Fame Festival - AllÃ©es des CÃ©lÃ©britÃ©s Canadiennes,Canada's Walk of Fame Festival,Toronto,Ontario,Festival
2016-2017,Harrison Festival Society,Harrison Festival of the Arts and Season of the Performing Arts - Multi Year (2 of 2),Harrison Hot Springs,British Columbia,Festival & Series
2017-2018,Upasana The Spirit of Dance Ltd.,Professional Dance Series,Ottawa,Ontario,Series
2017-2018,Arboretum Arts Festival,Arboretum Festival - Multi Year (1 of 2),Ottawa,Ontario,Festival & Series
2017-2018,Revelstoke Arts Council,Performance Series - Multi Year (2 of 2),Revelstoke,British Columbia,Series
2016-2017,Victoria Playhouse Inc. (The),Victoria Playhouse Festival - Multi Year (2 of 2),Victoria,Prince Edward Island,Series
2017-2018,"ArriÃ¨re scÃ¨ne (L'), Centre dramatique pour l'enfance et la jeunesse en MontÃ©rÃ©gie","Programmation jeune public - Saisons 2017-2018, 2018-2019 et 2019-2020 - Multi Year (1 of 3)",Beloeil,Quebec,Series
2017-2018,Newfoundland and Labrador Folk Arts Society Inc.,Newfoundland and Labrador Folk Festival and Programming 2016 & 2017 - Multi Year (2 of 2),St. John's,Newfoundland and Labrador,Festival & Series
2017-2018,ComitÃ© Waterlys Inc.,Programmation de la Maison de la Culture de Waterloo - Multi Year (1 of 2),Waterloo,Quebec,Series
2017-2018,Biennale internationale d'estampe contemporaine de Trois-RiviÃ¨res,"10e Ã©dition de la BIECTR, 2017",Trois-RiviÃ¨res,Quebec,Festival
2017-2018,Westben Arts Festival Theatre Inc.,Concerts at the Barn - Multi Year (2 of 2),Campbellford,Ontario,Festival
2017-2018,Diffusion culturelle de LÃ©vis,Programmation 2016 et programmation 2017 - Des artistes prÃ¨s de vous! - Multi Year (2 of 2),LÃ©vis,Quebec,Series
2017-2018,Festival Players of Prince Edward County (The),soloFest 2017,Picton,Ontario,Festival
2016-2017,ComitÃ© de spectacles Â« Par Natashquan Â»,Programmation Ã©tÃ© 2016 et Programmation Ã©tÃ© 2017 - Multi Year (1 of 2),Natashquan,Quebec,Series
2017-2018,Centre culturel La Ronde Inc. (Le),Programmation artistique 2017-2020 - Multi Year (1 of 3),Timmins,Ontario,Series
2016-2017,Ottawa Fringe Festival (The),Ottawa Fringe Festival & Undercurrents: Theatre below the mainstream - Multi Year (2 of 2),Ottawa,Ontario,Festival
2017-2018,Native Earth Performing Arts Inc.,The Aki Series - Multi Year (1 of 2),Toronto,Ontario,Series
2016-2017,Vernon and District Performing Arts Centre Society,2016 and 2017 Presenting Activities - Multi Year (1 of 2),Vernon,British Columbia,Series
2016-2017,Village Theatre West inc.,"Performing Arts Series,
 Presenters",Hudson,Quebec,Series
2016-2017,Celtic Colours Festival Society,Celtic Colours International Festival - Multi Year (1 of 2),Sydney,Nova Scotia,Festival
2016-2017,Northern Lights Festival BorÃ©al,Northern Lights Festival BorÃ©al - Multi Year (1 of 2),Sudbury,Ontario,Festival
2016-2017,Key City Theatre Society,Key City Theatre Presentation Season - Multi Year (1 of 2),Cranbrook,British Columbia,Series
2016-2017,Music-By-The-Sea Society,Music by the Sea 2016,Bamfield,British Columbia,Festival
2017-2018,ThÃ©Ã¢tre du cuivre,Hiver 2016/Automne 2016 et Hiver 2017/Automne 2017 - Multi Year (2 of 2),Rouyn-Noranda,Quebec,Series
2017-2018,Island Mountain Arts Society,Northern Exposure Conference,Wells,British Columbia,Festival
2017-2018,Belfry Theatre Society (The),SPARK Festival - Multi Year (1 of 4),Victoria,British Columbia,Festival
2017-2018,Pavillon des arts et de la culture de Coaticook (Le),2017-2018,Coaticook,Quebec,Series
2017-2018,Premier Acte,"Saisons thÃ©Ã¢trales 2017-2018, 2018-2019, 2019-2020 - Multi Year (1 of 3)",Quebec,Quebec,Series
2017-2018,Festival des musiques de crÃ©ation du Saguenay-Lac-St-Jean inc.,25e et 26e Ã©ditions du Festival des musiques de crÃ©ation - Multi Year (2 of 2),Saguenay,Quebec,Festival
2017-2018,Organization of Saskatchewan Arts Councils,Annual Showcase Conference and Performing Arts Series Programming - Multi Year (2 of 2),Regina,Saskatchewan,Presenters Support Organization
2016-2017,Ottawa Bluesfest,2016 RBC Royal Bank Ottawa Bluesfest - Multi Year (I of 2),Ottawa,Ontario,Festival
2016-2017,Chilliwack Arts & Cultural Centre Society,2016/17 Presentation Season - Multi Year (1 of 2),Chilliwack,British Columbia,Series
2017-2018,Diffusion En ScÃ¨ne RiviÃ¨re-du-Nord inc.,Saisons 2016-2018 - Pluriannuelle - Multi Year (2 of 2),Saint-JÃ©rÃ´me,Quebec,Series
2016-2017,Regroupement artistique francophone de l'Alberta,Services d'appui en diffusion efficaces et percutantes! - Multi Year (2 of 2),Edmonton,Alberta,Presenters Support Organization
2016-2017,"Neruda Productions for Arts, Culture and Community",Show the World Concert Series & Kultrun World Music Festival,Kitchener,Ontario,Festival & Series
2017-2018,Canadian Chamber Academy,Music Niagara 2016-2018 - Multi Year (2 of 2),Niagara-on-the-Lake,Ontario,Festival
2017-2018,Toronto Summer Music Foundation / La fondation de musique d'ete de Toronto,Toronto Summer Music Festival - Multi Year (1 of 2),Toronto,Ontario,Festival
2017-2018,Nextfest Arts Company (The),NEXTFEST - Multi Year (1 of 2),Edmonton,Alberta,Festival
2017-2018,Society of the Company of Angels Dance Projects,Festival of Dance Annapolis Royal (FODAR),Annapolis Royal,Nova Scotia,Festival
2017-2018,Manitoba Theatre for Young People Inc.,Presentation Series,Winnipeg,Manitoba,Series
2017-2018,Dance Victoria Society,"Dance at the Royal Series, Dance Days Festival - Multi Year (1 of 4)",Victoria,British Columbia,Festival & Series
2016-2017,Storytellers School of Toronto (The),2017 & 2018 Toronto Storytelling Festivals - Multi Year (1 of 2),Toronto,Ontario,Festival
2017-2018,Winnipeg Centennial Folk Festival Inc.,Winnipeg Folk Festival - Multi Year (2 of 2),Winnipeg,Manitoba,Festival & Series
2016-2017,Productions Recto-Verso QuÃ©bec inc. (Les),Le Mois Multi 2017 - du 1 au 26 fÃ©vrier 2017 / Le Mois Multi 2018 - du 1 au 25 fÃ©vrier 2018 - Multi Year (1 of 2),Quebec,Quebec,Festival
2017-2018,Corporation de la salle de spectacle de Sept-Ãles inc.,"2017-2018 ""Bravo!"" - 2018-2019 ""Encore!"" - Multi Year (1 of 2)",Sept-Ãles,Quebec,Series
2016-2017,Mushkegowuk Council,CreeFest 2016 - Ininew Makoshewin - Multi Year (1 of 2),Moose Factory,Ontario,Festival
2016-2017,Winnipeg Aboriginal Film & Video Festival Inc.,Winnipeg Aboriginal Film Festival,Winnipeg,Manitoba,Festival
2017-2018,Petits Bonheurs Diffusion Culturelle,"Petits bonheurs, le rendez-vous culturel des tout-petits - Multi Year (1 of 2)",MontrÃ©al,Quebec,Festival
2017-2018,Victoria BC Ska Society,Victoria's Annual SKA & Reggae Festival + On the Road to SKA & Reggae Festival Series - Multi Year (2 of 2),Victoria,British Columbia,Festival & Series
2017-2018,Mois de la Photo Ã  MontrÃ©al (Le),De quoi l'image est-elle le nom ? / What does the image refer to?,MontrÃ©al,Quebec,Festival
2016-2017,Why Not Theatre,Why Not Theatre 2016/2017 Season,Toronto,Ontario,Series
2017-2018,Chilliwack Arts & Cultural Centre Society,2016/17 Presentation Season - Multi Year (2 of 2),Chilliwack,British Columbia,Series
2017-2018,Edmonton Jazz Festival Society,Edmonton International Jazz Festival - Multi Year (2 of 2),Edmonton,Alberta,Festival
2016-2017,Festival Players of Prince Edward County (The),soloFest,Picton,Ontario,Festival & Series
2016-2017,St. Lawrence Acoustic Stage Performances Inc.,2015 - 2017 Music and Workshop Series - Multi Year (2 of 2),Morrisburg,Ontario,Series
2017-2018,Atlantic Buskers Festival Society,Halifax International Busker Festival - Multi Year (2 of 2),Halifax,Nova Scotia,Festival
2017-2018,Boxwood Festival Society,2017 Boxwood Festival and Workshop,Lunenburg,Nova Scotia,Festival
2016-2017,Medicine Hat Jazz Society,Medicine Hat JazzFest - Multi Year (1 of 2),Medicine Hat,Alberta,Festival
2016-2017,English Harbour Arts Association Ltd,Harbour Performance Series,St. John's,Newfoundland and Labrador,Series
2017-2018,Azimut Diffusion inc.,Programmation 2016-2017 et programmation 2017-2018 - Multi Year (2 of 2),Sorel-Tracy,Quebec,Series
2017-2018,Pink Ink Theatre Productions Association,Pi's Provocateurs Presentation Series,Vancouver,British Columbia,Series
2016-2017,Regina International Open Theatre Society Inc.,Regina International Fringe Theatre Festival,Regina,Saskatchewan,Festival
2016-2017,Danse Danse inc.,Danse Danse 2016-2017,MontrÃ©al,Quebec,Series
2017-2018,Maison des arts de la parole,Festival de conte: Les jours sont contÃ©s (24e et 25e Ã©dition) - Multi Year (2 of 2),Sherbrooke,Quebec,Festival
2016-2017,Hubcap Comedy Festival de l'humour inc.,HubCap Comedy Festival - Multi Year (2 of 2),Moncton,New Brunswick,Festival
2016-2017,Vancouver International Children's Festival Society,Vancouver International Children's Festival - Multi Year (1 of 2),Vancouver,British Columbia,Festival
2017-2018,100570 P.E.I. Inc.,TD PEI Jazz & Blues Festival,Charlottetown,Prince Edward Island,Festival
2017-2018,Oneness - World Communications,Ottawa International Writers Festival,Ottawa,Ontario,Festival
2017-2018,Reel to Real: A Celebration of Moving Images for Youth Society,Reel 2 Real International Film Festival for Youth - Multi Year (2 of 2),Vancouver,British Columbia,Festival & Series
2016-2017,New Music Concerts,New Music Concerts 2016-2017 Presentation Activities,Toronto,Ontario,Series
2017-2018,Just for Laughs Toronto Festival,JFL42: Toronto's Comedy Festival,Toronto,Ontario,Festival
2017-2018,Victoria Playhouse Inc. (The),Victoria Playhouse Festival - Multi Year (1 of 2),Victoria,Prince Edward Island,Festival & Series
2017-2018,Alberta Book Fair Society,LitFest: Edmonton's Nonfiction Festival - Multi Year (2 of 2),Edmonton,Alberta,Festival
2017-2018,Jazz East Rising Association,"Halifax Jazz Festival, JazzLabs, JazzEast Concerts and Creative Music Workshop - Multi Year (1 of 2)",Halifax,Nova Scotia,Festival & Series
2016-2017,Hot Docs,2016 Hot Docs Canadian International Documentary Festival,Toronto,Ontario,Festival
2017-2018,Festival Kompa-Zouk Ontario Inc. (FKZO),Festival Kompa Zouk Toronto 9ie Edition,Toronto,Ontario,Festival
2017-2018,Association culturelle franco-manitobaine inc. (L'),Le dÃ©veloppement de la diffusion en ruralitÃ© Manitobaine - Multi Year (1 of 4),Winnipeg,Manitoba,Presenters Support Organization
2017-2018,Victoria Jazz Society,"TD Victoria International 2016 & 2017, & the Fall/Winter/Spring Concert Presentation Series 2016 & 2017 - Multi Year (2 of 2)",Victoria,British Columbia,Festival & Series
2016-2017,Festivals illimitÃ©s,Festival des Guitares du Monde en Abitibi-TÃ©miscamingue 11e (2015) et 12e (2016) Ã©ditions - Multi Year (2 of 2),Rouyn-Noranda,Quebec,Festival
2017-2018,ComitÃ© culturel MÃ©gantic inc.,Saison de Spectacles Professionnels Pluridisciplinaires - Multi Year (1 of 3),Lac-MÃ©gantic,Quebec,Series
2016-2017,Port Theatre Society (The),Spotlight Series - Multi Year (2 of 2),Nanaimo,British Columbia,Series
2016-2017,Festival TransAmÃ©riques,FESTIVAL TRANSAMÃRIQUES | ÃDITIONS 2016 - 2017 - Multi Year (1 of 2),MontrÃ©al,Quebec,Festival
2016-2017,Harmony Bazaar: Festival of Women & Song Society,Dory Mates Concert Series and Harmony Bazaar Festival of Women & Song - Multi Year (1 of 2),Lockeport,Nova Scotia,Festival & Series
2016-2017,Centaur Foundation for the Performing Arts,The Wildside Festival - Multi Year (1 of 2),MontrÃ©al,Quebec,Festival
2017-2018,Fringe Theatre Adventures Society,Edmonton International Fringe Theatre Festival and Arts at the Barns Presentation Series - 2016 to 2018 - Multi Year (2 of 2),Edmonton,Alberta,Festival & Series
2016-2017,Corporation of the City of Toronto (The),Indigenous Arts Festival @ Fort York,Toronto,Ontario,Festival
2016-2017,New Works of Art Calgary Society,2015-2016 season and 2016-2017 season - Multi Year (2 of 2),Calgary,Alberta,Festival & Series
2016-2017,Centre in the Square Inc. (The),CITS 2016-2017 and 2017-2018 Season Programming,Kitchener,Ontario,Series
2017-2018,ThÃ©Ã¢tre franÃ§ais de Toronto (Le),Saison 2016-2017 et saison 2017-2018 - Multi Year (2 of 2),Toronto,Ontario,Series
2016-2017,Atlantic Fringe Festival Society (The),Atlantic Fringe Festival - Multi Year (2 of 2),Halifax,Nova Scotia,Festival
2016-2017,"Alchimies, CrÃ©ations et Cultures",16e et 17e Ã©ditions - Festival du Monde Arabe de MontrÃ©al - Multi Year (2 of 2),MontrÃ©al,Quebec,Festival
2016-2017,Windsor Feminist Theatre,Pelee Island Stone & Sky Music & Art Series,Windsor,Ontario,Series
2016-2017,Batuki Music Society Inc.,Batuki Music Concert Season and Habari Africa Festival - Multi Year (1 of 2),Toronto,Ontario,Festival & Series
2016-2017,Victoria BC Ska Society,Victoria's Annual SKA & Reggae Festival + On the Road to SKA & Reggae Festival Series - Multi Year (1 of 2),Victoria,British Columbia,Festival & Series
2016-2017,Atikokan Entertainment Series,Atikokan Entertainment Series - Multi Year (2 of 2),Atikokan,Ontario,Series
2017-2018,Corporation of the City of Toronto (The),Indigenous Arts Festival @ Fort York,Toronto,Ontario,Festival
2017-2018,Music on Main Society,"Public Presentation Programme (Main Series, A Month of Tuesdays, Artist Residencies)",Vancouver,British Columbia,Series
2017-2018,Objectif ScÃ¨ne,ActivitÃ©s rÃ©seau et Objectif Danse - Multi Year (2 of 2),Saguenay,Quebec,Presenters Support Organization
2017-2018,Geraldton Children's Entertainment Series Inc.,Geraldton Children's Entertainment Series - Multi Year (1 of 3),Geraldton,Ontario,Series
2016-2017,Jeunesses Musicales Canada,Saison 2015-2016 et Saison 2016-2017 - Multi Year (2 of 2),MontrÃ©al,Quebec,Series
2017-2018,New Dance Horizons Inc.,2017-2018 Season & 2018-2019 Season - Multi Year (1 of 2),Regina,Saskatchewan,Series
2017-2018,Chedabucto Bay Folk Society,Canada's Songwriter Festival - 20th Anniversary and Beyond - Multi Year (2 of 2),Canso,Nova Scotia,Festival
2017-2018,Edmonton Jazz Society (1973) (The),Yardbird Suite,Edmonton,Alberta,Festival
2016-2017,Usine C,Saison 2016-2017 et Saison 2017-2018 - Multi Year (1 of 2),MontrÃ©al,Quebec,Series
2016-2017,Danse sur les routes du QuÃ©bec (La),Amener la danse Ã  la rencontre des citoyens - Multi Year (2 of 2),MontrÃ©al,Quebec,Presenters Support Organization
2017-2018,Simcoe Contemporary Dancers,Dusk Dances Barrie,Barrie,Ontario,Festival
2017-2018,Nakai Theatre Ensemble,Pivot Theatre Festival - Multi Year (2 of 2),Whitehorse,Yukon,Festival
2016-2017,"West End Cultural Centre, Inc. (The)",Building Bridges: Culture and Community - Multi Year (1 of 2),Winnipeg,Manitoba,Series
2017-2018,Arts de la scÃ¨ne de Montmagny (Les),"Programmations 2017-2018, 2018-2019, 2019-2020 et 2020-2021 - Multi Year (1 of 4)",Montmagny,Quebec,Series
2017-2018,CoopÃ©rative de ThÃ©Ã¢tre l'Escaouette LtÃ©e. (La),Saison 2016-2017 et Saison 2017-2018 - Multi Year (2 of 2),Moncton,New Brunswick,Festival & Series
2016-2017,Ashkenaz Foundation,Ashkenaz Festival and Series Presentations - Multi Year (2 of 2),Toronto,Ontario,Festival & Series
2016-2017,Quadra Island Recreation Society,Quadra Cultural Committee 2016-2017 Season,Heriot Bay,British Columbia,Series
2017-2018,International Festival of Song and Chamber Music Society,Mountain View International Festival of Song & Chamber Music/Mountain View Connection,Calgary,Alberta,Festival & Series
2017-2018,Small World Music Society,Small World Music Society Seasons 2017/18 & 2018/19 - Multi Year (1 of 2),Toronto,Ontario,Series
2016-2017,Festival Kompa-Zouk Ontario Inc. (FKZO),Festival Kompa Zouk de Toronto (8ie edition),Toronto,Ontario,Festival
2016-2017,Shelter Valley Folk Festival (The),"Shelter Valley Folk Festival, Community Concert Series, Artists in the Schools, Local Songwriters Showcase, Homemade Jam - Multi Year (2 of 2)",Grafton,Ontario,Festival & Series
2016-2017,Orford Musique,Festival Orford - Multi Year (1 of 2),Orford,Quebec,Festival
2016-2017,Arts Council Haliburton Highlands,SPARC Symposium,Haliburton,Ontario,Festival
2017-2018,Mermaid Theatre of Nova Scotia,Mermaid Imperial Performing Arts Series - Multi Year (1 of 3),Windsor,Nova Scotia,Series
2017-2018,C.C.M.C. Music Gallery,Concert Season and X Avant Festival - Multi Year (2 of 2),Toronto,Ontario,Festival & Series
2016-2017,Vancouver International Writers Festival Society (The),Vancouver Writers Fest - Multi Year (2 of 2),Vancouver,British Columbia,Festival
2016-2017,Au Vieux Treuil,Programmation 2015-2016 Au Vieux Treuil / Programmation 2016-2017 Au Vieux Treuil - Multi Year (2 of 2),Havre-Aubert,Quebec,Series
2017-2018,Grand Theatre (The),Presentation Series,London,Ontario,Series
2017-2018,Citadel + Compagnie,Bright Nights,Toronto,Ontario,Series
2017-2018,Corporation de dÃ©veloppement culturel de Trois-RiviÃ¨res,Programmation 2016-2017 - Multi Year (2 of 2),Trois-RiviÃ¨res,Quebec,Series
2017-2018,Quadra Island Recreation Society,Quadra Cultural Committee 2017-19 Seasons - Multi Year (1 of 2),Heriot Bay,British Columbia,Series
2016-2017,London Committee for Cross Cultural Arts Inc.,The Sunfest Global Arts Programme 2015-16 and 2016-17 Seasons - Multi Year (2 of 2),London,Ontario,Series
2016-2017,Sainte-Agathe-des-Arts,"ThÃ©Ã¢tre Le Patriote
 - Saison 2016",Sainte-Agathe-des-Monts,Quebec,Series
2016-2017,Maximum 90,Soutien Ã  la programmation pour les saisons 2015-2016 et 2016-2017 - Multi Year (2 of 2),Carleton-sur-Mer,Quebec,Festival & Series
2016-2017,Scotia Chamber Players,Scotia Festival of Music 2016,Halifax,Nova Scotia,Festival
2016-2017,ThÃ©Ã¢tre les gens d'en bas inc. (Le),CrÃ©ation - saisons 2015-2016 et 2016-2017 - Multi Year (2 of 2),Rimouski,Quebec,Series
2017-2018,Ville d'Amos,Automne 2017-hiver/printemps 2018 / Automne 2018-hiver/printemps 2019 / Automne 2019-Hiver/printemps 2020 - Multi Year (1 of 3),Amos,Quebec,Series
2017-2018,Old Town Hall Association,Old Town Hall Concert Series,Waterford,Ontario,Series
2016-2017,Northern Visions Independent Video and Film Association,Images Festival 2016 and Images Festival 2017 - Multi Year (1 of 2),Toronto,Ontario,Festival
2017-2018,Corporation de dÃ©veloppement des arts et de la culture de Ville de La Tuque,"Programmation en arts de la scÃ¨ne du Complexe Culturel FÃ©lix-Leclerc, 2016-2017 et 2017-2018 - Multi Year (2 of 2)",La Tuque,Quebec,Series
2017-2018,Ashkenaz Foundation,Ashkenaz Festival and Year Round Programming - Multi Year (1 of 2),Toronto,Ontario,Series
2017-2018,Small Halls Inc.,The PEI Mutual Festival of Small Halls - Multi Year (2 of 2),Charlottetown,Prince Edward Island,Festival
2016-2017,Sound of Dragon Society,2nd Sound of Dragon Music Festival,Vancouver,British Columbia,Festival
2017-2018,Windsor Feminist Theatre,Pelee Island Stone & Sky Music & Arts Series,Windsor,Ontario,Series
2017-2018,Hispanic Canadian Arts and Cultural Association,Latin Festival,Toronto,Ontario,Festival
2017-2018,Tr'ondÃ«k HwÃ«ch'in,Myth and Medium 2018,Dawson City,Yukon,Series
2016-2017,Peterborough Folk Festival Inc.,Peterborough Folk Festival - Multi Year (1 of 2),Peterborough,Ontario,Festival & Series
2016-2017,Sioux Hudson Entertainment Series,Sioux Hudson Entertainment Series - Multi Year (1 of 2),Sioux Lookout,Ontario,Series
2017-2018,Ship's Company Theatre Society (The),Ship's Company Theatre Presenting Series - Multi Year (1 of 3),Parrsboro,Nova Scotia,Series
2016-2017,Winnipeg International Children's Festival Inc.,"Presentation of the Annual KidsFest, the Annual Festival of Fools and Multiple Multi-phase Social Circus Programs",Winnipeg,Manitoba,Festival
2017-2018,CityFolk Festival,2017 Cityfolk,Ottawa,Ontario,Festival
2016-2017,"ArriÃ¨re scÃ¨ne (L'), Centre dramatique pour l'enfance et la jeunesse en MontÃ©rÃ©gie",Programmation jeune public saison 2015-2016 et 2016-2017 - Multi Year (2 of 2),Beloeil,Quebec,Series
2017-2018,Northern Visions Independent Video and Film Association,Images Festival 2016 and Images Festival 2017 - Multi Year (2 of 2),Toronto,Ontario,Festival
2016-2017,Diffusion culturelle de LÃ©vis,Programmation 2016 et programmation 2017 - Des artistes prÃ¨s de vous! - Multi Year (1 of 2),LÃ©vis,Quebec,Festival & Series
2017-2018,Shelter Valley Folk Festival (The),Shelter Valley Folk Festival - Multi Year (1 of 3),Grafton,Ontario,Festival & Series
2017-2018,Ville de New Richmond,Soutien Ã  la programmation 2017-2018 et 2018-2019 - Multi Year (1 of 2),New Richmond,Quebec,Series
2017-2018,JM Drama Alumni,2016-2017 Season & 2017-2018 Season - Multi Year (2 of 2),Kitchener,Ontario,Series
2016-2017,Intrepid Theatre Company Society,Intreprid Theatre Presents / Uno Fest / OUTStages / Victoria Fringe Theatre Festival - Multi Year (1 of 2),Victoria,British Columbia,Festival & Series
2016-2017,Blue Metropolis Foundation / Fondation MÃ©tropolis bleu,17e et 18e Ã©ditions du Festival littÃ©raire international de MontrÃ©al Metropolis bleu - Multi Year (2 of 2),MontrÃ©al,Quebec,Festival
2016-2017,Vancouver West Side Theatre Society,Chutzpah! the Lisa Nemetz International Jewish Festival of the Performing Arts - Multi Year (2 of 2),Vancouver,British Columbia,Festival & Series
2017-2018,SociÃ©tÃ© de diffusion de spectacles de Saint-Hyacinthe,Programmation SDS - Saisons 2017 Ã  2021 - Multi Year (1 of 4),Saint-Hyacinthe,Quebec,Series
2016-2017,SaubleGuitarFest Cultural Services Inc.,Sauble Beach Guitar Festival,Hamilton,Ontario,Festival & Series
2017-2018,Musique du Bout du Monde,Festival Musique du Bout du monde (2016-2017 et 2017-2018) - Multi Year (2 of 2),GaspÃ©,Quebec,Festival
2016-2017,Royal Manitoba Theatre Centre Inc.,2016 & 2017 Winnipeg Fringe Theatre Festival - Multi Year (1 of 2),Winnipeg,Manitoba,Festival
2017-2018,Toronto Downtown Jazz Society,TD Toronto Jazz Festival,Toronto,Ontario,Festival
2016-2017,Village en chanson de Petite-VallÃ©e,C'est dans l'air (2016-2017),Petite-VallÃ©e,Quebec,Festival & Series
2017-2018,River and Sky Arts in the Woods,River & Sky Music/Camping Festival - Multi Year (1 of 3),Sudbury,Ontario,Festival
2017-2018,Voyagements (Les) - ThÃ©Ã¢tre de crÃ©ation en tournÃ©e,La crÃ©ation thÃ©Ã¢trale... Ã  la rencontre des rÃ©gions - Multi Year (2 of 2),MontrÃ©al,Quebec,Presenters Support Organization
2016-2017,Tiger Princess Dance Projects,Dance: Made in Canada / Fait au Canada - Multi Year (2 of 2),Toronto,Ontario,Festival
2017-2018,Jazz Winnipeg Inc.,TD Winnipeg International Jazz Festival / Jazz Winnipeg Concert Season / Jazz Winnipeg Youth Outreach Program - Multi Year (2 of 2),Winnipeg,Manitoba,Festival & Series
2017-2018,Productions DUA,Saison 2017-2018,Quebec,Quebec,Series
2017-2018,Atlantic Presenters Association Inc.,APA Programming and Services - Multi Year (1 of 3),Charlottetown,Prince Edward Island,Presenters Support Organization
2017-2018,Mary Webb Cultural and Community Centre (The),2017-18 Performing Arts Program,Highgate,Ontario,Series
2016-2017,Ottawa Dance Directive,SÃ©ries Danse 10 / Series Dance 10 - Multi Year (2 of 2),Ottawa,Ontario,Series
2016-2017,Nickel Independent Film Festival Inc.,15th (and 16th) Annual Nickel Independent Film Festival - Multi Year (2 of 2),St. John's,Newfoundland and Labrador,Festival
2016-2017,Maison quÃ©bÃ©coise du thÃ©Ã¢tre pour l'enfance et la jeunesse,Saison 2016-2017 / 2017-2018 - Multi Year (1 of 2),MontrÃ©al,Quebec,Series
2016-2017,Movement Enterprises Society,Dances for a Small Stage - Multi Year (1 of 2),Vancouver,British Columbia,Series
2016-2017,Theatre Junction Society,2016-2017 and 2017-2018 Seasons - Multi Year (1 of 2),Calgary,Alberta,Series
2017-2018,Diffusion Momentum,Saison 2017-2018 - 2018-2019 - 2019-2020 - Multi Year (1 of 3),Victoriaville,Quebec,Series
2016-2017,Loyal Blues Fellowship Inc.,Blues in the Schools Performance Series,Carrying Place,Ontario,Series
2016-2017,Objectif ScÃ¨ne,ActivitÃ©s rÃ©seau et Objectif Danse - Multi Year (1 of 2),Saguenay,Quebec,Presenters Support Organization
2016-2017,Espace Libre inc.,Saison 2015-2016 et saison 2016-2017 d'Espace Libre - Multi Year (2 of 2),MontrÃ©al,Quebec,Series
2016-2017,Keyano College Theatre,Syncrude Arts Alive Presents  - Multi Year (1 of 2),Fort McMurray,Alberta,Series
2017-2018,Mississauga Living Arts Centre Corporation,Living Arts Centre Presents,Mississauga,Ontario,Series
2017-2018,International Readings at Harbourfront,International Festival of Authors (IFOA) - Multi Year (1 of 2),Toronto,Ontario,Festival
2016-2017,Flin Flon Arts Council inc.,Flin Flon Arts Council Performing Arts Season 16/17,Flin Flon,Manitoba,Series
2017-2018,Persephone Theatre,Youth Series presented by Persephone Theatre - Multi Year (2 of 2),Saskatoon,Saskatchewan,Series
2017-2018,Institut Canadien de QuÃ©bec (L'),Festival QuÃ©bec en toutes lettres 2017 (ThÃ¨me: Ãcrire QuÃ©bec) / Rendez-vous littÃ©raires 2017-2018 de la Maison de la littÃ©rature,Quebec,Quebec,Festival & Series
2017-2018,Multicultural Theatre Space (MT Space) Inc. (The),Presenting Series 16/17  (Year 1) and IMPACT 17 Theatre Festival/Presenting Series 17/18 - Multi Year (2 of 2),Kitchener,Ontario,Festival & Series
2017-2018,Corporation Hector-Charland,"Saisons de spectacles 2016-2017 et 2017-2018, et le Festival de thÃ©Ã¢tre Ã  l'Assomption - Multi Year (2 of 2)",L'Assomption,Quebec,Festival & Series
2017-2018,Dusk Dances Inc.,Dusk Dances Festival - Multi Year (1 of 2),Toronto,Ontario,Festival
2017-2018,City of St. Albert (The),The Arden Theatre: 2016-2017 & 2017-2018 Professional Series - Multi Year (2 of 2),St. Albert,Alberta,Series
2017-2018,CafÃ©-thÃ©Ã¢tre le Graffiti,Programmations 2016 et 2017 du CafÃ©-thÃ©Ã¢tre Graffiti de Port-Cartier - Multi Year (2 of 2),Port-Cartier,Quebec,Series
2017-2018,Mouvement d'implication francophone d'OrlÃ©ans,"Le MIFO, crÃ©ateur d'expÃ©rience vivante - Multi Year (1 of 2)",Ottawa,Ontario,Series
2017-2018,Centre des arts de la scÃ¨ne Pauline-Julien,Centre des arts de la scÃ¨ne Pauline Julien - Multi Year (1 of 3),Sainte-GeneviÃ¨ve,Quebec,Series
2017-2018,Aluna Theatre,CAMINOS Arts Festival | RUTAS panamericanas International Performing Arts Festival - Multi Year (1 of 2),Toronto,Ontario,Festival
2016-2017,ThÃ©Ã¢tre de la Ville,Saison 2016-2017 et saison 2017-2018 - Multi Year (1 of 2),Longueuil,Quebec,Series
2017-2018,Literary and Historical Society of Quebec,2017 ImagiNation Writers' Festival,Quebec,Quebec,Festival
2016-2017,"Manitoba Arts Network, Inc.",Presenter Support Organization (all regions of the province of Manitoba) - Multi Year (1 of 2),Winnipeg,Manitoba,Presenters Support Organization
2017-2018,Maple Ridge and Pitt Meadows Arts Council,ACT Presents Series - Multi Year (1 of 3),Maple Ridge,British Columbia,Series
2017-2018,Productions de l'Ãtoile Inc.,VariÃ©tÃ© de spectacles prÃ©sentÃ©s en saison rÃ©guliÃ¨re - Multi Year (1 of 3),Caraquet,New Brunswick,Series
2016-2017,Amants de la ScÃ¨ne (Les),Programmation 2015-2016 / 2016-2017 - Multi Year (2 of 2),Saint-Georges,Quebec,Series
2016-2017,Sun Parlour Folk Music Society,Kingsville Folk Music Festival and Road to Kingsville Folk Fest Concerts,Kingsville,Ontario,Festival & Series
2016-2017,SweetWater Music Festival,2016 Festival,Owen Sound,Ontario,Festival
2016-2017,Casteliers,Festival de Casteliers 2016 et 2017 (11e et 12e Ã©ditions) et Saisons 2015-2016 et 2016-2017 - Multi Year (2 of 2),MontrÃ©al,Quebec,Festival & Series
2016-2017,City of Spruce Grove (Horizon Stage Performing Arts Centre),2016-17 and 2017-18 Professional Series - Multi Year (1 of 2),Spruce Grove,Alberta,Festival & Series
2016-2017,Brockville Concert Association,Classical and Jazz Presentation Series - Multi Year (2 of 2),Brockville,Ontario,Festival & Series
2017-2018,Storytellers School of Toronto (The),2017 & 2018 Toronto Storytelling Festivals - Multi Year (2 of 2),Toronto,Ontario,Festival
2016-2017,JM Drama Alumni,2016-2017 Season & 2017-2018 Season - Multi Year (1 of 2),Kitchener,Ontario,Series
2017-2018,ComitÃ© des spectacles de Dolbeau-Mistassini (2013) inc.,Programmation 2017,Dolbeau-Mistassini,Quebec,Series
2017-2018,Porquis Recreation Association,Porquis Music Festival - Multi Year (2 of 2),Iroquois Falls,Ontario,Festival
2017-2018,Grand River Jazz Society Corporation (The),Season 2016-2017 and Season 2017-2018 - Multi Year (2 of 2),Waterloo,Ontario,Series
2016-2017,Corporation of the Town of Richmond Hill (The),The Richmond Hill Centre for the Performing Arts Annual Season of Professional Programming - Multi Year (1 of 2),Richmond Hill,Ontario,Series
2016-2017,Calgary Pro Musica Society,2016-2017 & 2017-2018 Seasons - Mutli Year (1 of 2),Calgary,Alberta,Series
2017-2018,Seismic Shift Arts Society,2016-17 and 2017-18 Seasons - Multi Year (2 of 2),Vancouver,British Columbia,Series
2017-2018,Vancouver Tap Dance Society,Vancouver International Tap Festival - tap dance - Multi Year (1 of 2),Vancouver,British Columbia,Festival
2017-2018,Evergreen Cultural Centre Society,Evergreen Cultural Centre Series - Multi Year (1 of 4),Coquitlam,British Columbia,Series
2016-2017,Canadian Network of Dance Presenters Candance / Candanse RÃ©seau canadien des diffuseurs de danse,The CanDance Network - Multi Year (1 of 2),Toronto,Ontario,Presenters Support Organization
2016-2017,Festival international de thÃ©Ã¢tre jeune public du QuÃ©bec (1992) inc.,Festival Les Coups de ThÃ©Ã¢tre / 14e Ãdition,MontrÃ©al,Quebec,Festival
2016-2017,ComitÃ© de la Culture de Cowansville inc.,Sur la scÃ¨ne Davignon On stage - Multi Year (2 of 2),Cowansville,Quebec,Series
2017-2018,Station Arts Centre Co-operative,Station Arts Centre Presentation Series - Multi Year (2 of 2),Rosthern,Saskatchewan,Series
2017-2018,Kids Kaleidoscope Entertainment Series for the Performing Arts,Kids Kaleidoscope Entertainment Series - Multi Year (1 of 3),Sioux Lookout,Ontario,Series
2017-2018,Golden District Arts Council,Live Kicks & Summer Kicks - Multi Year (2 of 2),Golden,British Columbia,Series
2016-2017,Dryden Entertainment Series Inc.,Dryden Entertainment Series for the 2015 to 2016 and 2016 to 2017 Seasons - Multi Year (2 of 2),Dryden,Ontario,Series
2016-2017,Carrefour international de thÃ©Ã¢tre de QuÃ©bec inc.,Carrefour international de thÃ©Ã¢tre 2016 et Carrefour international de thÃ©Ã¢tre 2017 - Multi Year (1 of 2),Quebec,Quebec,Festival
2016-2017,"Terres en vues, SociÃ©tÃ© pour la diffusion de la culture autochtone",PrÃ©sence autochtone 2016 et PrÃ©sence autochtone 2017 - Multi Year (1 of 2),MontrÃ©al,Quebec,Festival
2017-2018,One Yellow Rabbit Theatre Association,High Performance Rodeo-Calgary's International Festival of the Arts - Multi Year (1 of 3),Calgary,Alberta,Festival
